approval_id,batch,verified_commit,approved_scope,excluded_scope,approved_by,approved_at,approval_reference
APP-AS001-20260921-01,Approval Sprint 001,2ac462c,"8 persons, 18 careers, 167 supported evidence",19 HOLD issues,Yuichi,2026-09-21,data/verified/approval_sprint_001/master_approval.md
APP-AS002-20260921-01,Approval Sprint 002,4c29a0a,"8 persons, 32 careers, 183 supported evidence",27 HOLD issues,Yuichi,2026-09-21,data/verified/approval_sprint_002/master_approval.md
APP-AS003-20260921-01,Approval Sprint 003,a25eed93913e7bc40d43fd5cc672304a48a840cd,"10 persons, 30 careers, 146 supported evidence",19 HOLD issues,Yuichi,2026-09-21,data/verified/approval_sprint_002/master_approval.md
APP-AS004-20260922-01,Approval Sprint 004,df85da5a3c302ce674cb6062565aa83b527a0fa2,"4 persons, 9 careers, 51 supported evidence","10 HOLD issues, 10 held fields",Yuichi,2026-09-22,data/verified/approval_sprint_004/master_approval.md
APP-AS005-20260923-01,Approval Sprint 005,cc04152,"4 persons, 12 careers, 57 supported evidence","10 HOLD issues, 10 held fields",Yuichi,2026-09-23,data/verified/approval_sprint_005/master_approval.md
APP-AS006-20260925-01,Approval Sprint 006,8dd71b9,"82 persons, 242 careers, 514 supported evidence (22 waves, Batch 008-018)","108 HOLD issues, 241 held fields",Yuichi,2026-09-25,data/verified/approval_sprint_006/master_approval.md
APP-AS007-20260926-01,Approval Sprint 007,adf7443,"46 persons, 137 careers (incl. C000768 by Yuichi decision), 274 supported evidence (18 waves, Batch 019-030)","141 HOLD issues, 137 held fields",Yuichi,2026-09-26,data/verified/approval_sprint_007/master_approval.md
APP-AS008-20260929-01,Approval Sprint 008,f53dbd3,"264 careers for 108 existing persons (Tier 1: 74, Tier 2: 34), 1056 supported evidence, 6 new organizations, ORG000222 name correction",82 HOLD issues,Yuichi,2026-09-29,data/verified/approval_sprint_008/master_approval.md
APP-AS009-20260930-01,Approval Sprint 009,6d497b2,"168 persons (Tier 1: 106, Tier 2: 62), 808 careers, 2795 supported evidence, 232 referenced organizations",428 HOLD issues,Yuichi,2026-09-30,data/verified/approval_sprint_009/master_approval.md
APP-AS010-20260930-01,Approval Sprint 010,a506070,"182 persons (Tier 1: 131, Tier 2: 51), 896 careers, 2997 supported evidence, 245 referenced organizations",453 HOLD issues,Yuichi,2026-09-30,data/verified/approval_sprint_010/master_approval.md
APP-AS011-20261003-01,Approval Sprint 011,5b98773,"P000064: 2 careers added, 3 career period corrections, 2 organizations, 17 supported evidence (Tier 2)",3 HOLD issues,Yuichi,2026-10-03,data/verified/approval_sprint_011/master_approval.md
APP-AS012-20261004-01,Approval Sprint 012,f5222d0,"6 career period corrections (B.PREMIER current clubs), 6 supported evidence (Tier 2)","C000265, C000419 (pending decision)",Yuichi,2026-10-04,data/verified/approval_sprint_012/master_approval.md
APP-AS018-20261008-01,Approval Sprint 018,cc7fbc1,"1 new person (八村塁 P000104), 2 existing persons (馬場雄大 P000107, 比江島慎 P000084) with career additions, 11 careers, 49 supported evidence, 8 referenced organizations (Tier 2)","5 HOLD issues, 2 held fields",Yuichi,2026-10-08,data/verified/approval_sprint_018/master_approval.md
APP-B005-20260921-01,Batch 005 Wave 1,7093141,B5W1D0001-B5W1D0026 eligible_fields,held_fields 9件・HOLD Issue 9件,Yuichi,2026-09-21,data/verified/batch_005/master_approval.md
APP-CORR-ORG-20260923-01,Master Correction: Organization ID dedup (ORG000017->ORG000019),"n/a (master correction, not a verified batch)","3 careers repointed (C000030, C000225, C000254), 5 evidence rows updated, 1 organization row removed",none,Yuichi,2026-09-23,data/master/corrections/2026-09-23_org000017_org000019.md
APP-OCN-20261006-01,Organization Current Names 001,"n/a (attached display data, candidate data/candidate/organization_current_names_001)",7 current-name records (OCN0001-OCN0007); ORG000159 shown as 統合後,none,Yuichi,2026-10-06,data/master/corrections/2026-10-06_organization_current_names.md
