organization_id,name
ORG000046,アースフレンズ東京Z
ORG000047,宇都宮ブレックス
ORG000048,佐賀バルーナーズ
ORG000052,新潟アルビレックスBB
ORG000054,名古屋ダイヤモンドドルフィンズ
ORG000055,横浜ビー・コルセアーズ
ORG000067,熊本ヴォルターズ
ORG000091,愛媛オレンジバイキングス
ORG000092,レバンガ北海道
ORG000097,三遠ネオフェニックス
ORG000103,茨城ロボッツ
ORG000106,琉球ゴールデンキングス
ORG000109,アルバルク東京
ORG000110,広島ドラゴンフライズ
ORG000114,東京サンロッカーズ
ORG000116,徳島ガンバロウズ
ORG000118,千葉ジェッツ
ORG000130,シーホース三河
ORG000132,仙台89ERS
ORG000137,秋田ノーザンハピネッツ
ORG000142,大阪エヴェッサ
ORG000143,群馬クレインサンダーズ
ORG000149,富山グラウジーズ
ORG000150,信州ブレイブウォリアーズ
ORG000153,滋賀レイクス
ORG000155,島根スサノオマジック
ORG000171,バンビシャス奈良
ORG000180,ファイティングイーグルス名古屋
ORG000182,青森ワッツ
ORG000183,さいたまブロンコス
ORG000190,越谷アルファーズ
ORG000202,福島ファイヤーボンズ
ORG000222,トライフープ岡山
ORG000224,香川ファイブアローズ
