person_id,bleague_player_id,name,club_abbr
P000092,8481,片岡 大晴,仙台
P000109,19956,シェーファー アヴィ幸樹,仙台
P000095,8468,田口 成浩,秋田
P000099,8501,水戸 健史,富山
P000108,20037,佐々木 隆成,三遠
P000101,10297,田原 隆徳,滋賀
P000088,8655,岸本 隆一,京都
P000096,9033,竹内 譲次,大阪
P000093,30434,松脇 圭志,琉球
P000106,19755,富永 啓生,北海道
P000105,8650,田臥 勇太,宇都宮
P000084,8589,比江島 慎,宇都宮
P000083,9055,富樫 勇樹,千葉J
P000103,51000428,渡邊 雄太,千葉J
P000091,10815,安藤 周人,A東京
P000097,8487,辻 直人,群馬
P000100,8500,古川 孝敏,信州
P000102,8734,白濱 僚祐,島根
P000087,9037,田中 大貴,東京SR
P000089,30403,西田 優大,三河
P000086,14301,齋藤 拓実,名古屋D
P000090,8592,金丸 晃輔,佐賀
P000098,8467,安藤 誓哉,A千葉
P000107,12577,馬場 雄大,長崎
P000094,5100000021,星川 堅信,長崎
