person_id,bleague_player_id,name,club_abbr,birth_date,wave
P000382,10824,會田 圭佑,青森,1995-03-29,wave_01
P000383,51000388,岡部 雅大,青森,2002-12-22,wave_01
P000384,51000614,小川 大新,青森,2002-12-23,wave_01
P000385,51000109,小室 昂大,青森,1999-12-04,wave_01
P000386,51000253,佐藤 大介,青森,2000-09-23,wave_01
P000387,51000613,高橋 昌也,青森,2004-01-05,wave_01
P000388,51000375,鍋田 隆征,青森,2001-08-14,wave_01
P000389,39533,石川 晴道,岩手,1999-12-27,wave_01
P000390,18170,臼井 弘樹,岩手,1996-01-11,wave_01
P000391,9264,後藤 翔平,岩手,1992-08-05,wave_01
P000392,51000594,佐伯 崚介,岩手,2003-05-04,wave_01
P000393,51000330,関屋 心,岩手,2000-07-22,wave_01
P000394,10877,門馬 圭二郎,岩手,1994-11-15,wave_01
P000395,51000190,山崎 凜,岩手,2001-03-24,wave_01
P000396,51000097,阿部 龍星,山形,1995-09-19,wave_01
P000397,18174,伊集 貴也,山形,1993-02-22,wave_01
P000398,55000162,大森 康瑛,山形,2005-06-29,wave_01
P000399,46255,樋口 蒼生,山形,2001-07-04,wave_01
P000400,49519,広瀬 翔一,山形,2002-07-25,wave_01
P000401,8674,村上 慎也,山形,1991-03-05,wave_01
P000402,51000507,大久保 友貴,福島,2002-08-13,wave_01
P000403,15824,新川 敬大,福島,1995-05-03,wave_01
P000404,8448,アキ・チェンバース,福島,1990-09-19,wave_01
P000405,51000233,益子 拓己,福島,2000-08-23,wave_01
P000406,33026,森田 雄次,福島,1996-07-21,wave_01
P000407,51000251,米山 ジャバ 偉生,福島,2002-01-29,wave_01
P000408,51000275,ワイリー 光希スカイ,福島,1999-05-27,wave_01
P000409,8552,渡邊 翔太,福島,1993-06-26,wave_01
P000410,5100000006,池田 祐一,越谷,1997-04-13,wave_01
P000411,8489,鎌田 裕也,越谷,1990-05-11,wave_01
P000412,51000285,四家 魁人,越谷,2001-09-25,wave_01
P000413,30463,ジャワラ ジョゼフ,越谷,1998-02-09,wave_01
P000414,32953,菅原 暉,越谷,1998-05-27,wave_01
P000415,27048,ダマ ムッサ,越谷,1996-07-03,wave_01
P000416,10842,三ツ井 利也,越谷,1994-06-02,wave_01
P000417,10880,川邉 亮平,埼玉,1995-03-12,wave_01
P000418,18428,栗原 ルイス,埼玉,1996-11-03,wave_01
P000419,51000117,小西 聖也,埼玉,1999-12-28,wave_01
P000420,30522,鈴木 悠介,埼玉,1997-06-06,wave_01
P000421,22395,長島 蓮,埼玉,1997-03-03,wave_01
P000422,49520,ポーグ 健,埼玉,2002-11-22,wave_02
P000423,51000123,松下 裕汰,埼玉,1999-05-02,wave_02
P000424,40138,川島 蓮,東京U,1994-10-20,wave_02
P000425,33083,ストックマンJr. ケドリック,東京U,2000-07-05,wave_02
P000426,9365,田口 暖,東京U,1997-02-01,wave_02
P000427,18412,田中 幸之介,東京U,1997-01-25,wave_02
P000428,8666,德川 慎之介,東京U,1993-06-10,wave_02
P000429,15841,東 宏輝,東京U,1995-06-24,wave_02
P000430,39442,古河 ウェスリー,東京U,1999-05-16,wave_02
P000431,51000122,石橋 侑磨,東京Z,1999-10-21,wave_02
P000432,51000221,金本 一真,東京Z,1999-08-10,wave_02
P000433,51000243,喜志永 修斗,東京Z,2000-08-11,wave_02
P000434,49610,木下 大南帆,東京Z,2002-09-01,wave_02
P000435,47100,ジュウ イーサン龍英,東京Z,2003-01-02,wave_02
P000436,49613,田中 晴大,東京Z,2006-03-08,wave_02
P000437,51000548,福島 ハリス慈音ウチェ,東京Z,2003-12-25,wave_02
P000438,22393,吉田 健太郎,東京Z,1995-09-27,wave_02
P000439,51000222,今西 優斗,立川,2006-05-16,wave_02
P000440,30444,上良 潤起,立川,1997-08-26,wave_02
P000441,30350,奥田 雄伍,立川,1999-02-18,wave_02
P000442,51000323,小玉 大智,立川,2000-06-17,wave_02
P000443,40134,長尾 光輝,立川,1999-04-28,wave_02
P000444,51000364,野口 侑真,立川,2001-09-18,wave_02
P000445,51000346,蒔苗 勇人,立川,2001-09-24,wave_02
P000446,40145,町井 丈太,立川,1999-07-18,wave_02
P000447,9259,エドワード・モリス,立川,1984-05-04,wave_02
P000448,9262,大金 広弥,八王子,1989-12-21,wave_02
P000449,15855,神里 和,八王子,1995-05-02,wave_02
P000450,51000249,工藤 貴哉,八王子,2000-06-16,wave_02
P000451,51000434,平 凌輝,八王子,2002-12-22,wave_02
P000452,34615,宮本 龍世,八王子,2003-05-15,wave_02
P000453,51000322,山本 楓己,八王子,1998-08-09,wave_02
P000454,55000957,クーリバリ セリンムルタラ,横浜EX,2007-03-04,wave_02
P000455,46082,シェイク・ケイタ,横浜EX,1999-12-12,wave_02
P000456,36857,古賀 森人,横浜EX,1998-06-24,wave_02
P000457,51000255,杉山 裕介,横浜EX,2000-10-11,wave_02
P000458,51000452,長谷川 比源,横浜EX,2005-05-10,wave_02
P000459,5100000063,ザック・モーア,横浜EX,1997-03-26,wave_02
P000460,51000664,アロン・レーガン,横浜EX,2003-04-16,wave_02
P000461,8645,五十嵐 圭,新潟,1980-05-07,wave_02
P000462,51000449,大森 尊之,新潟,2002-08-14,wave_03
P000463,8577,長谷川 智伸,新潟,1990-11-09,wave_03
P000464,20027,濵高 康明,新潟,1997-01-18,wave_03
P000465,30395,濱田 貴流馬,新潟,1997-07-01,wave_03
P000466,30436,星野 曹樹,新潟,1997-11-05,wave_03
P000467,40140,堀内 星夜,新潟,1997-12-26,wave_03
P000468,9034,松井 啓十郎,新潟,1985-10-16,wave_03
P000469,11501,丸山 賢人,新潟,2002-09-09,wave_03
P000470,51000606,石川 響太郎,金沢,2003-09-27,wave_03
P000471,42546,請田 祐哉,金沢,2000-09-19,wave_03
P000472,46249,酒井 達晶,金沢,1997-05-06,wave_03
P000473,54145,清水 愛葉,金沢,2003-07-08,wave_03
P000474,15828,バローン マーテル,金沢,1995-01-10,wave_03
P000475,5100000090,マーク・バートン,金沢,1998-01-30,wave_03
P000476,51000217,満尾 竜次,金沢,2001-02-26,wave_03
P000477,8615,村上 駿斗,金沢,1996-02-17,wave_03
P000478,51000115,川島 聖那,福井,2000-03-14,wave_03
P000479,40142,高橋 育実,福井,1998-06-10,wave_03
P000480,8571,田渡 修人,福井,1990-01-06,wave_03
P000481,51000439,塚本 智裕,福井,2003-04-20,wave_03
P000482,51000471,内藤 英真,福井,2004-12-01,wave_03
P000483,10844,満田 丈太郎,福井,1994-04-18,wave_03
P000484,15835,卜部 兼慎,岐阜,1995-04-05,wave_03
P000485,32978,大矢 孝太朗,岐阜,1994-08-16,wave_03
P000486,52471,髙木 涼,岐阜,2003-08-30,wave_03
P000487,9246,髙橋 幸大,岐阜,1991-11-21,wave_03
P000488,20022,髙橋 浩平,岐阜,1996-05-20,wave_03
P000489,51000684,タイガ・フォースター,岐阜,2001-08-14,wave_03
P000490,30470,増本 優太,岐阜,1997-06-16,wave_03
P000491,39518,山崎 玲緒,岐阜,1999-11-04,wave_03
P000492,10894,柏倉 哲平,静岡,1995-01-20,wave_03
P000493,51000609,君座 武志,静岡,2003-05-04,wave_03
P000494,51000174,サイモン 拓海,静岡,2000-03-10,wave_03
P000495,37809,ジャンバルボ 海斗,静岡,2003-09-29,wave_03
P000496,55000578,関谷 間,静岡,2006-09-08,wave_03
P000497,8587,橋本 竜馬,静岡,1988-05-11,wave_03
P000498,15816,林 翔太郎,静岡,1995-09-13,wave_03
P000499,20018,増田 啓介,静岡,1998-01-22,wave_03
P000500,51000444,山本 愛哉,静岡,2004-03-01,wave_03
P000501,51000167,鍵冨 太雅,FE名古屋,1999-03-08,wave_03
P000502,30512,杉本 天昇,FE名古屋,1998-07-20,wave_04
P000503,51000593,月岡 熙,FE名古屋,2003-10-21,wave_04
P000504,51000501,マイロ・マーフィー,FE名古屋,2006-03-08,wave_04
P000505,10878,保岡 龍斗,FE名古屋,1995-04-27,wave_04
P000506,51000423,イデムディア オサセレ,奈良,1998-07-21,wave_04
P000507,51000570,植田 碧羽,奈良,2003-05-26,wave_04
P000508,8585,小野 龍猛,奈良,1988-01-06,wave_04
P000509,51000477,坂口 竜也,奈良,2001-05-03,wave_04
P000510,8568,鈴木 達也,奈良,1991-03-30,wave_04
P000511,8683,相馬 卓弥,奈良,1991-07-05,wave_04
P000512,51000377,中谷 衿夢,奈良,2001-09-21,wave_04
P000513,8558,本多 純平,奈良,1988-12-07,wave_04
P000514,42537,元澤 誠,奈良,2000-10-26,wave_04
P000515,15839,秋山 熙,岡山,1995-08-31,wave_04
P000516,54143,内山 晴輝,岡山,2007-02-17,wave_04
P000517,8522,ソウ シェリフ,岡山,1992-12-15,wave_04
P000518,49611,中村 瑞稀,岡山,2002-04-30,wave_04
P000519,12613,フォファナ ママドゥ,岡山,1998-01-09,wave_04
P000520,25275,向井 祐介,岡山,1991-09-10,wave_04
P000521,32975,横川 俊樹,岡山,1995-06-23,wave_04
P000522,51000549,横山 悠人,岡山,2000-12-17,wave_04
P000523,42617,青山 晃也,徳島,1999-05-02,wave_04
P000524,54142,河野 圭佑,徳島,2003-09-16,wave_04
P000525,30466,佐藤 誠人,徳島,1997-10-14,wave_04
P000526,22403,塚本 雄貴,徳島,1997-01-02,wave_04
P000527,20000,綱井 勇介,徳島,1996-04-04,wave_04
P000528,20019,鶴田 美勇士,徳島,1996-06-22,wave_04
P000529,22491,森山 修斗,徳島,1996-04-13,wave_04
P000530,9279,五十嵐 貴志,香川,1990-02-10,wave_04
P000531,51000140,今林 萌,香川,1999-08-17,wave_04
P000532,9456,小寺 ハミルトンゲイリー,香川,1984-08-07,wave_04
P000533,49593,小林 巧,香川,2002-09-26,wave_04
P000534,51000589,佐古 竜誠,香川,2004-02-26,wave_04
P000535,51000231,高橋 克実,香川,2000-04-14,wave_04
P000536,10818,高橋 耕陽,香川,1994-06-16,wave_04
P000537,54098,福田 健人,香川,2003-08-06,wave_04
P000538,26876,青木 龍史,愛媛,1998-03-19,wave_04
P000539,9218,兒玉 貴通,愛媛,1992-06-11,wave_04
P000540,51000230,武内 理貴,愛媛,2002-03-17,wave_04
P000541,20003,玉木 祥護,愛媛,1996-08-30,wave_04
P000542,12454,田渡 凌,愛媛,1993-06-29,wave_05
P000543,8599,俊野 佳彦,愛媛,1992-05-21,wave_05
P000544,20004,林 瑛司,愛媛,1997-06-14,wave_05
P000545,8579,マイケル・パーカー,愛媛,1981-12-05,wave_05
P000546,8595,加藤 寿一,福岡,1993-10-05,wave_05
P000547,51000559,中谷 麻登,福岡,2001-09-21,wave_05
P000548,8510,西川 貴之,福岡,1992-01-14,wave_05
P000549,51000448,野溝 利一,福岡,2003-01-13,wave_05
P000550,30462,磯野 寛晃,熊本,1998-03-11,wave_05
P000551,30347,笹倉 怜寿,熊本,1997-07-08,wave_05
P000552,10263,澤邉 圭太,熊本,1995-03-05,wave_05
P000553,51000320,ニモ 正義,熊本,2005-09-23,wave_05
P000554,51000450,保坂 晃毅,熊本,2003-02-06,wave_05
P000555,9399,山田 安斗夢,熊本,1998-02-21,wave_05
P000556,51000156,山本 翔太,熊本,1999-10-19,wave_05
P000557,51000104,マシュー・アキノ,鹿児島,1996-09-28,wave_05
P000558,30404,飴谷 由毅,鹿児島,1999-03-16,wave_05
P000559,51000307,市川 真人,鹿児島,2001-09-20,wave_05
P000560,51000436,佐藤 星来,鹿児島,2002-08-11,wave_05
P000561,9402,藤田 浩司,鹿児島,1992-10-23,wave_05
P000562,5100000010,藤本 巧太,鹿児島,1998-06-28,wave_05
P000563,8712,細谷 将司,鹿児島,1989-10-02,wave_05
