abbr	team_id	full_name_on_standings	seasons	season_count
A千葉	2486	アルティーリ千葉	2021-2026	6
A東京	706	アルバルク東京	2016-2026	11
FE名古屋	717	Fイーグルス名古屋	2016-2019	4
FE名古屋	717	ファイティングイーグルス名古屋	2020-2026	7
SR渋谷	726	サンロッカーズ渋谷	2016-2025	10
アイシンAW	751	アイシン・エィ・ダブリュ アレイオンズ安城	2016-2020	5
アイシン	751	アイシン アレイオンズ	2021-2021	1
三河	728	シーホース三河	2016-2026	11
三遠	697	三遠ネオフェニックス	2016-2026	11
三重	2726	ヴィアティン三重	2022-2026	5
京都	699	京都ハンナリーズ	2016-2026	11
仙台	692	仙台89ERS	2016-2026	11
佐賀	1638	佐賀バルーナーズ	2019-2026	8
信州	716	信州ブレイブウォリアーズ	2016-2026	11
八王子	749	八王子ビートレインズ	2018-2018	1
八王子	749	東京八王子トレインズ	2016-2017	2
八王子	749	東京八王子ビートレインズ	2019-2026	8
北海道	702	レバンガ北海道	2016-2026	11
千葉J	704	千葉ジェッツ	2022-2026	5
千葉	704	千葉ジェッツ	2016-2021	6
名古屋D	729	名古屋ダイヤモンドドルフィンズ	2016-2026	11
品川	748	しながわシティ バスケットボールクラブ	2021-2025	5
品川	748	しながわシティバスケットボールクラブ	2026-2026	1
埼玉	744	さいたまブロンコス	2020-2026	7
埼玉	744	埼玉ブロンコス	2016-2019	4
大塚商会	745	大塚商会アルファーズ	2016-2017	2
大阪	700	大阪エヴェッサ	2016-2026	11
奈良	719	バンビシャス奈良	2016-2026	11
宇都宮	703	宇都宮ブレックス	2019-2026	8
富山	696	富山グラウジーズ	2016-2026	11
山口	2487	山口パッツファイブ	2023-2026	4
山口	2487	山口ペイトリオッツ	2021-2022	2
山形	710	山形ワイヴァンズ	2016-2026	11
岐阜	1363	岐阜スゥープス	2018-2026	9
岡山	1639	トライフープ岡山	2019-2026	8
岩手	709	岩手ビッグブルズ	2016-2026	11
島根	720	島根スサノオマジック	2016-2026	11
川崎	727	川崎ブレイブサンダース	2016-2026	11
広島	721	広島ドラゴンフライズ	2016-2026	11
徳島	2890	徳島ガンバロウズ	2023-2026	4
愛媛	723	愛媛オレンジバイキングス	2016-2026	11
新潟	695	新潟アルビレックスBB	2016-2026	11
東京CR	748	東京サンレーヴス	2017-2019	3
東京EX	714	東京エクセレンス	2016-2020	5
東京SR	726	東京サンロッカーズ	2026-2026	1
東京U	2725	東京ユナイテッドバスケットボールクラブ	2022-2026	5
東京Z	715	アースフレンズ東京Z	2016-2026	11
東京	748	東京サンレーヴス	2016-2016	1
東京海上日動	746	東京海上日動ビッグブルー	2016-2018	3
栃木	703	栃木ブレックス	2016-2018	3
横浜BC	694	横浜ビー・コルセアーズ	2022-2026	5
横浜EX	714	横浜エクセレンス	2021-2026	6
横浜	694	横浜ビー・コルセアーズ	2016-2021	6
湘南	2728	ウォルガ湘南	2026-2026	1
湘南	2728	湘南ユナイテッドBC	2022-2025	4
滋賀	698	滋賀レイクス	2022-2026	5
滋賀	698	滋賀レイクスターズ	2016-2021	6
熊本	724	熊本ヴォルターズ	2016-2026	11
琉球	701	琉球ゴールデンキングス	2016-2026	11
神戸	718	神戸ストークス	2023-2026	4
福井	2891	福井ブローウィンズ	2023-2026	4
福岡	753	ライジングゼファーフクオカ	2016-2016	1
福岡	753	ライジングゼファー福岡	2017-2026	10
福島	711	福島ファイヤーボンズ	2016-2026	11
秋田	693	秋田ノーザンハピネッツ	2016-2026	11
立川	2727	立川ダイス	2022-2026	5
群馬	713	群馬クレインサンダーズ	2016-2026	11
茨城	712	茨城ロボッツ	2016-2026	11
西宮	718	西宮ストークス	2016-2022	7
豊田合成	752	豊田合成スコーピオンズ	2016-2023	8
越谷	745	大塚商会越谷アルファーズ	2018-2018	1
越谷	745	越谷アルファーズ	2019-2026	8
金沢	750	金沢サムライズ	2026-2026	1
金沢	750	金沢武士団	2016-2025	10
長崎	2488	長崎ヴェルカ	2021-2026	6
青森	708	青森ワッツ	2016-2026	11
静岡	1637	ベルテックス静岡	2019-2026	8
香川	722	香川ファイブアローズ	2016-2026	11
鹿児島	725	鹿児島レブナイズ	2016-2026	11
