person_id,name,bleague_player_ids
P000012,ジャン・ローレンス・ハーパージュニア,5100000034
P000014,キエキエ トピー アリ,36413
P000028,佐藤 涼成,51000447
P000035,小川 麻斗,5100000033
P000036,井手 拓実,51000110
P000037,鵤 誠司,8529
P000038,内尾 聡理,51000353
P000039,渡辺 竜之佑,9329
P000040,神田 壮一郎,51000380
P000041,狩野 祐介,8463
P000042,並里 成,9489
P000043,松崎 裕樹,51000227
P000063,古野 拓巳,9348
P000064,河村 勇輝,30460
P000065,児玉 ジュニア,51000552
P000066,河合 瑠那,51000607
P000067,長岡 大杜,52467
P000068,重冨 周希,5100000076
P000069,重冨 友希,40173
P000070,遥 天翼,8642
P000073,崎濱 秀斗,51000486
P000074,轟 琉維,51000457
P000075,井手 優希,36865
P000076,クベマ スティーブ,41165
P000078,長島 エマニエル,9309
P000080,大城 侑朔,10854
P000081,土居 光,36863
P000082,松本 礼太,49711|51000138
P000111,杉浦 佑成,10820
P000112,寒竹 隼人,8840
P000113,青木 保憲,15817
P000114,土家 大輝,5100000017
P000115,西田 陽成,51000470
P000116,泉 登翔,51000464
P000117,間山 柊,51000484
P000118,針間 大知,51000592
P000119,西田 公陽,51000362
P000120,渡邉 伶音,51000352
P000121,木林 優,51000349
P000122,湧川 颯斗,51000236
P000123,中田 嵩基,51000246
P000124,平松 克樹,51000443
P000125,岩下 准平,51000586
P000126,浅井 修伍,51000235
P000127,島﨑 輝,34423
P000128,納見 悠仁,30399
P000129,白戸 大聖,15832
P000130,菅野 ブルース,51000431
P000131,山内 ジャヘル琉人,51000441
P000132,石川 海斗,8722
P000134,星川 開聖,51000461
P000135,竹内 公輔,8726
P000136,荒川 颯,30458
P000137,笹山 貴哉,8517
P000138,岩屋 頼,51000600
P000139,森井 健太,10851
P000140,淺野 ケニー,51000232
P000141,飯尾 文哉,51000113
P000142,谷口 大智,8470
P000143,寺嶋 良,30400
P000144,谷口 光貴,8488
P000145,大橋 大空,51000274
P000146,大庭 岳輝,30401
P000147,伊藤 達哉,10849
P000148,津屋 一球,5100000011
P000149,小川 敦也,51000228
P000150,小林 遥太,8462
P000151,伊藤 良太,9234
P000152,大西 一輝,11482
P000153,介川 アンソニー翔,51000458
P000154,小栗 瑛哉,42539
P000155,平良 宗龍,55000079
P000156,榎田 拓真,51000177
P000157,藤澤 尚之,5100000019
P000158,瀬川 琉久,51000467
P000159,堀 陽稀,51000588
P000160,米須 玲音,5100000022
P000161,岡田 侑大,18475
P000162,堀田 尚秀,51000599
P000163,西部 秀馬,51000585
P000164,川嶋 勇人,8727
P000165,高島 紳司,5100000036
P000166,野本 建吾,8486
P000167,大﨑 翔太,30516
P000168,多嶋 朝飛,8507
P000169,松山 駿,20023
P000170,松本 健児リオン,10893
P000171,二上 耀,51000112
P000172,中村 ジャズ,30510
P000173,寺嶋 恭之介,32985
P000174,岡田 泰希,22401
P000175,藤永 佳昭,8736
P000176,篠山 竜青,8484
P000177,髙木 慎哉,30441
P000178,下地 秀一郎,52466
P000179,小川 翔矢,49607
P000180,石橋 永遠,52462
P000181,菊地 広人,51000350
P000182,藤井 祐眞,8482
P000183,富田 一成,36969
P000184,角野 亮伍,32982
P000185,赤間 賢人,51000583
P000186,松村 竜吾,51000550
P000187,落合 知也,8648
P000188,陳岡 流羽,51000479
P000189,中野 広大,10892
P000190,陳岡 燈生,51000373
P000191,平岩 玄,15838
P000192,多田 武史,30457
P000193,伊藤 治輝,49518
P000194,オドゲレル トルガ,51000663
P000195,小針 幸也,51000252
P000196,喜多川 修平,8657
P000197,須藤 昂矢,32956
P000198,兪 龍海,5100000025
P000199,植松 義也,5100000030
P000200,宮本 一樹,51000118
P000201,平良 彰吾,30459
P000202,古牧 昌也,12500
P000203,野﨑 由之,51000136
P000204,赤穂 雷太,30465
P000205,阿部 諒,15756
P000206,遠藤 祐亮,8497
P000207,田中 晴瑛,51000435
P000208,市場 脩斗,51000446
P000209,上澤 俊喜,5100000039
P000210,中村 浩陸,30349
P000211,小澤 飛悠,51000498
P000212,星野 京介,51000108
P000213,坂本 聖芽,5100000027
P000214,宇都 直輝,8503
P000215,張本 天傑,8738
P000216,中村 瀬那,34792
P000217,吉本 大心,7482
P000218,ワン ウェイジャ,5100000041
P000219,中村 拓人,5100000023
P000220,松尾 河秋,51000367
P000221,髙岡 圭汰朗,51000129
P000222,上田 隼輔,51000137
P000223,笠井 康平,18167
P000224,若狭 功希,25272
P000225,熊谷 航,19957
P000226,久岡 幸太郎,18478
P000227,久岡 賢太郎,34704
P000228,船生 誠也,8737
P000229,渡部 琉,5100000035
P000230,常田 耕平,5100000040
P000231,ブラ ブサナ グロリダ,39532
P000232,遠藤 善,5100000044
P000233,モッチ ラミン,30405
P000234,盛實 海翔,19998
P000235,中嶋 正尭,16023
P000236,宇都宮 陸,51000124
P000237,金友 蓮,51000596
P000238,西野 曜,30468
