person_id,name
P000319,トビン マーカス海舟
P000320,エリエット・ドンリー
P000321,金田 龍弥
P000322,木村 圭吾
P000323,寺園 脩斗
P000324,道原 紀晃
P000325,中島 三千哉
P000326,中野 司
P000327,山口 颯斗
P000328,新井 翔太
P000329,井上 宗一郎
P000330,北川 弘
P000331,中村 太地
P000332,晴山 ケビン
P000333,松野 遥弥
P000334,三谷 桂司朗
P000335,メイヨ ニック
P000336,山崎 稜
P000337,ロバーツ ケイン
P000338,大庭 圭太郎
P000339,狩野 富成
P000340,永吉 佑也
P000341,野﨑 零也
P000342,ベンドラメ 礼生
P000343,ジョシュ・ホーキンソン
P000344,山際 爽吾
P000345,山﨑 一渉
P000346,荒谷 裕秀
P000347,伊久江 ロイ英輝
P000348,アレックス・カーク
P000349,津山 尚大
P000350,長谷川 技
P000351,石井 講祐
P000352,久保田 義章
P000353,トーマス・ケネディ
P000354,小阪 彰久
P000355,須田 侑太郎
P000356,長野 誠史
P000357,今村 佳太
P000358,加藤 嵩都
