verified_batch,record_id,entity_type,entity_id,field_name,candidate_value,source_id,source_locator,evidence_summary,assessment,checked_at,issue_note
Batch 8 Wave 1 (福岡大学附属大濠高等学校（学校1/11）),B8W1E0001,Person,P000111,name,杉浦 佑成,B8W1S0002,基本情報 > 選手名,B.LEAGUE公式プロフィールで氏名を確認,SUPPORTED,2026-09-24,
Batch 8 Wave 1 (福岡大学附属大濠高等学校（学校1/11）),B8W1E0002,Person,P000111,birth_date,1995-06-24,B8W1S0002,基本情報 > 生年月日,B.LEAGUE公式プロフィールで生年月日を確認,SUPPORTED,2026-09-24,
Batch 8 Wave 1 (福岡大学附属大濠高等学校（学校1/11）),B8W1E0003,Career,C000390,organization_id,ORG000127,B8W1S0002,学歴 > 高校：福岡大学附属大濠高等学校,B.LEAGUE公式プロフィールで出身高校を確認,SUPPORTED,2026-09-24,
Batch 8 Wave 1 (福岡大学附属大濠高等学校（学校1/11）),B8W1E0004,Career,C000390,organization_id,ORG000127,B8W1S0001,TagID=35（福岡大学附属大濠高等学校）掲載選手一覧,B.LEAGUE公式の出身校タグ一覧に掲載（独立した第2の公式確認）,SUPPORTED,2026-09-24,
Batch 8 Wave 1 (福岡大学附属大濠高等学校（学校1/11）),B8W1E0005,Career,C000391,organization_id,ORG000166,B8W1S0002,学歴 > 大学：筑波大学,B.LEAGUE公式プロフィールで出身大学を確認,SUPPORTED,2026-09-24,
Batch 8 Wave 1 (福岡大学附属大濠高等学校（学校1/11）),B8W1E0006,Career,C000391,organization_id,ORG000166,B8W1S0006,選手一覧表 > 杉浦佑成 / 進学大学：筑波大学,バスケWeb辞典でも筑波大学進学を確認（独立した第2ソース）,SUPPORTED,2026-09-24,
Batch 8 Wave 1 (福岡大学附属大濠高等学校（学校1/11）),B8W1E0007,Career,C000392,organization_id,ORG000132,B8W1S0002,現在の所属：仙台89ERS（2025-26シーズン〜）,B.LEAGUE公式プロフィールで現所属クラブを確認,SUPPORTED,2026-09-24,
Batch 8 Wave 1 (福岡大学附属大濠高等学校（学校1/11）),B8W1E0008,Career,C000392,start,2025,B8W1S0002,クラブ所属履歴 > 「2025-26 仙台」,B.LEAGUE公式のクラブ所属履歴で2025-26シーズンからの加入を確認,SUPPORTED,2026-09-24,
Batch 8 Wave 1 (福岡大学附属大濠高等学校（学校1/11）),B8W1E0009,Person,P000112,name,寒竹 隼人,B8W1S0003,基本情報 > 選手名,B.LEAGUE公式プロフィールで氏名を確認,SUPPORTED,2026-09-24,
Batch 8 Wave 1 (福岡大学附属大濠高等学校（学校1/11）),B8W1E0010,Person,P000112,birth_date,1986-08-01,B8W1S0003,基本情報 > 生年月日,B.LEAGUE公式プロフィールで生年月日を確認,SUPPORTED,2026-09-24,
Batch 8 Wave 1 (福岡大学附属大濠高等学校（学校1/11）),B8W1E0011,Career,C000393,organization_id,ORG000127,B8W1S0003,学歴 > 高校：福岡大学附属大濠高等学校,B.LEAGUE公式プロフィールで出身高校を確認,SUPPORTED,2026-09-24,
Batch 8 Wave 1 (福岡大学附属大濠高等学校（学校1/11）),B8W1E0012,Career,C000393,organization_id,ORG000127,B8W1S0001,TagID=35（福岡大学附属大濠高等学校）掲載選手一覧,B.LEAGUE公式の出身校タグ一覧に掲載（独立した第2の公式確認）,SUPPORTED,2026-09-24,
Batch 8 Wave 1 (福岡大学附属大濠高等学校（学校1/11）),B8W1E0013,Career,C000394,organization_id,ORG000031,B8W1S0003,学歴 > 大学：拓殖大学,B.LEAGUE公式プロフィールで出身大学を確認,SUPPORTED,2026-09-24,
Batch 8 Wave 1 (福岡大学附属大濠高等学校（学校1/11）),B8W1E0014,Career,C000394,organization_id,ORG000031,B8W1S0006,選手一覧表 > 寒竹隼人 / 進学大学：拓殖大学,バスケWeb辞典でも拓殖大学進学を確認（独立した第2ソース）,SUPPORTED,2026-09-24,
Batch 8 Wave 1 (福岡大学附属大濠高等学校（学校1/11）),B8W1E0015,Career,C000395,organization_id,ORG000040,B8W1S0003,現在の所属：ライジングゼファー福岡,B.LEAGUE公式プロフィールで現所属クラブを確認,SUPPORTED,2026-09-24,
Batch 8 Wave 1 (福岡大学附属大濠高等学校（学校1/11）),B8W1E0016,Career,C000395,start,2023,B8W1S0003,クラブ所属履歴 > 「2023-24: 福岡」以降、2026-27まで継続,B.LEAGUE公式のクラブ所属履歴で2023-24シーズンからの加入を確認,SUPPORTED,2026-09-24,
Batch 8 Wave 1 (福岡大学附属大濠高等学校（学校1/11）),B8W1E0017,Person,P000113,name,青木 保憲,B8W1S0004,基本情報 > 選手名,B.LEAGUE公式プロフィールで氏名を確認,SUPPORTED,2026-09-24,
Batch 8 Wave 1 (福岡大学附属大濠高等学校（学校1/11）),B8W1E0018,Person,P000113,birth_date,1995-06-23,B8W1S0004,基本情報 > 生年月日,B.LEAGUE公式プロフィールで生年月日を確認,SUPPORTED,2026-09-24,
Batch 8 Wave 1 (福岡大学附属大濠高等学校（学校1/11）),B8W1E0019,Career,C000396,organization_id,ORG000127,B8W1S0001,TagID=35（福岡大学附属大濠高等学校）掲載選手一覧,B.LEAGUE公式の出身校タグ一覧に掲載,SUPPORTED,2026-09-24,本人のB.LEAGUE公式プロフィールページ自体には出身校欄の記載が見当たらなかった
Batch 8 Wave 1 (福岡大学附属大濠高等学校（学校1/11）),B8W1E0020,Career,C000396,organization_id,ORG000127,B8W1S0007,本文 > 「福岡大学附属大濠高校、筑波大学ではそれぞれキャプテンを務めた」,Wikipediaで大濠高校在学（キャプテン歴）を確認（独立した第2ソース）,SUPPORTED,2026-09-24,
Batch 8 Wave 1 (福岡大学附属大濠高等学校（学校1/11）),B8W1E0021,Career,C000397,organization_id,ORG000166,B8W1S0006,選手一覧表 > 青木保憲 / 進学大学：筑波大学,バスケWeb辞典で筑波大学進学を確認,SUPPORTED,2026-09-24,
Batch 8 Wave 1 (福岡大学附属大濠高等学校（学校1/11）),B8W1E0022,Career,C000397,organization_id,ORG000166,B8W1S0007,本文 > 「筑波大学ではそれぞれキャプテンを務めた」,Wikipediaでも筑波大学在学（キャプテン歴）を確認（独立した第2ソース）,SUPPORTED,2026-09-24,
Batch 8 Wave 1 (福岡大学附属大濠高等学校（学校1/11）),B8W1E0023,Career,C000398,organization_id,ORG000142,B8W1S0004,現在の所属：大阪エヴェッサ（2025-26シーズン）,B.LEAGUE公式プロフィールで現所属クラブを確認,SUPPORTED,2026-09-24,
Batch 8 Wave 1 (福岡大学附属大濠高等学校（学校1/11）),B8W1E0024,Career,C000398,start,2025,B8W1S0004,クラブ所属履歴 > 2025-26シーズンより大阪エヴェッサ,B.LEAGUE公式プロフィールで2025-26シーズンからの加入を確認,SUPPORTED,2026-09-24,
Batch 8 Wave 1 (福岡大学附属大濠高等学校（学校1/11）),B8W1E0025,Person,P000114,name,土家 大輝,B8W1S0005,基本情報 > 選手名,B.LEAGUE公式プロフィールで氏名を確認,SUPPORTED,2026-09-24,
Batch 8 Wave 1 (福岡大学附属大濠高等学校（学校1/11）),B8W1E0026,Person,P000114,birth_date,2000-04-05,B8W1S0005,基本情報 > 生年月日,B.LEAGUE公式プロフィールで生年月日を確認,SUPPORTED,2026-09-24,
Batch 8 Wave 1 (福岡大学附属大濠高等学校（学校1/11）),B8W1E0027,Career,C000399,organization_id,ORG000127,B8W1S0001,TagID=35（福岡大学附属大濠高等学校）掲載選手一覧,B.LEAGUE公式の出身校タグ一覧に掲載,SUPPORTED,2026-09-24,本人のB.LEAGUE公式プロフィールページの「出身校」欄には大学名（早稲田大学）のみ表示され、高校は別欄に無い
Batch 8 Wave 1 (福岡大学附属大濠高等学校（学校1/11）),B8W1E0028,Career,C000399,organization_id,ORG000127,B8W1S0006,選手一覧表 > 土家大輝（福岡大学附属大濠高校出身選手一覧に掲載）,バスケWeb辞典の大濠高校出身選手一覧に掲載（独立した第2ソース）,SUPPORTED,2026-09-24,
Batch 8 Wave 1 (福岡大学附属大濠高等学校（学校1/11）),B8W1E0029,Career,C000400,organization_id,ORG000136,B8W1S0005,学歴 > 出身校：早稲田大学,B.LEAGUE公式プロフィールで出身大学を確認,SUPPORTED,2026-09-24,
Batch 8 Wave 1 (福岡大学附属大濠高等学校（学校1/11）),B8W1E0030,Career,C000400,organization_id,ORG000136,B8W1S0006,選手一覧表 > 土家大輝 / 進学大学：早稲田大学,バスケWeb辞典でも早稲田大学進学を確認（独立した第2ソース）,SUPPORTED,2026-09-24,
Batch 8 Wave 1 (福岡大学附属大濠高等学校（学校1/11）),B8W1E0031,Career,C000401,organization_id,ORG000150,B8W1S0005,現在の所属：信州（2025-26シーズン）,B.LEAGUE公式プロフィールで現所属クラブを確認,SUPPORTED,2026-09-24,
Batch 8 Wave 1 (福岡大学附属大濠高等学校（学校1/11）),B8W1E0032,Career,C000401,start,2025,B8W1S0005,クラブ所属履歴 > 「2025-26：信州」,B.LEAGUE公式のクラブ所属履歴で2025-26シーズンからの加入を確認,SUPPORTED,2026-09-24,
Batch 8 Wave 2 (福岡大学附属大濠高等学校（学校1/11）),B8W2E0001,Person,P000115,name,西田 陽成,B8W2S0001,基本情報 > 選手名,B.LEAGUE公式プロフィールで氏名を確認,SUPPORTED,2026-09-24,
Batch 8 Wave 2 (福岡大学附属大濠高等学校（学校1/11）),B8W2E0002,Person,P000115,birth_date,2002-05-26,B8W2S0001,基本情報 > 生年月日,B.LEAGUE公式プロフィールで生年月日を確認,SUPPORTED,2026-09-24,
Batch 8 Wave 2 (福岡大学附属大濠高等学校（学校1/11）),B8W2E0003,Career,C000402,organization_id,ORG000127,B8W2S0001,出身校（高校）：福岡大学附属大濠高等学校,B.LEAGUE公式プロフィールで出身高校を確認,SUPPORTED,2026-09-24,
Batch 8 Wave 2 (福岡大学附属大濠高等学校（学校1/11）),B8W2E0004,Career,C000402,organization_id,ORG000127,B8W2S0007,TagID=35掲載選手一覧,B.LEAGUE公式の出身校タグ一覧に掲載（独立した第2の公式確認）,SUPPORTED,2026-09-24,
Batch 8 Wave 2 (福岡大学附属大濠高等学校（学校1/11）),B8W2E0005,Career,C000403,organization_id,ORG000015,B8W2S0001,出身校（大学）：東海大学,B.LEAGUE公式プロフィールで出身大学を確認,SUPPORTED,2026-09-24,
Batch 8 Wave 2 (福岡大学附属大濠高等学校（学校1/11）),B8W2E0006,Career,C000404,organization_id,ORG000153,B8W2S0001,現在の所属クラブ：滋賀レイクス,B.LEAGUE公式プロフィールで現所属クラブを確認,SUPPORTED,2026-09-24,
Batch 8 Wave 2 (福岡大学附属大濠高等学校（学校1/11）),B8W2E0007,Career,C000404,start,2024,B8W2S0001,クラブ所属履歴 > 「2024-25シーズン：滋賀レイクス」が初出,B.LEAGUE公式のクラブ所属履歴で2024-25シーズンからの加入を確認,SUPPORTED,2026-09-24,
Batch 8 Wave 2 (福岡大学附属大濠高等学校（学校1/11）),B8W2E0008,Person,P000116,name,泉 登翔,B8W2S0002,基本情報 > 選手名,B.LEAGUE公式プロフィールで氏名を確認,SUPPORTED,2026-09-24,
Batch 8 Wave 2 (福岡大学附属大濠高等学校（学校1/11）),B8W2E0009,Person,P000116,birth_date,2003-07-04,B8W2S0002,基本情報 > 生年月日,B.LEAGUE公式プロフィールで生年月日を確認,SUPPORTED,2026-09-24,
Batch 8 Wave 2 (福岡大学附属大濠高等学校（学校1/11）),B8W2E0010,Career,C000405,organization_id,ORG000127,B8W2S0007,TagID=35（福岡大学附属大濠高等学校）掲載選手一覧,B.LEAGUE公式の出身校タグ一覧に掲載,SUPPORTED,2026-09-24,本人のB.LEAGUE公式プロフィールページの出身校欄には大学名（日本大学）のみ表示され、高校の別欄記載はない
Batch 8 Wave 2 (福岡大学附属大濠高等学校（学校1/11）),B8W2E0011,Career,C000406,organization_id,ORG000121,B8W2S0002,出身校：日本大学,B.LEAGUE公式プロフィールで出身大学を確認,SUPPORTED,2026-09-24,
Batch 8 Wave 2 (福岡大学附属大濠高等学校（学校1/11）),B8W2E0012,Career,C000407,organization_id,ORG000149,B8W2S0002,現在の所属：富山グラウジーズ（2026-27シーズン）,B.LEAGUE公式プロフィールで現所属クラブを確認,SUPPORTED,2026-09-24,
Batch 8 Wave 2 (福岡大学附属大濠高等学校（学校1/11）),B8W2E0013,Career,C000407,start,2025,B8W2S0002,クラブ所属履歴 > 「2025-26：富山グラウジーズ」が初出（前年は広島）,B.LEAGUE公式のクラブ所属履歴で2025-26シーズンからの加入を確認,SUPPORTED,2026-09-24,
Batch 8 Wave 2 (福岡大学附属大濠高等学校（学校1/11）),B8W2E0014,Person,P000117,name,間山 柊,B8W2S0003,基本情報 > 選手名,B.LEAGUE公式プロフィールで氏名を確認,SUPPORTED,2026-09-24,
Batch 8 Wave 2 (福岡大学附属大濠高等学校（学校1/11）),B8W2E0015,Person,P000117,birth_date,2003-01-14,B8W2S0003,基本情報 > 生年月日,B.LEAGUE公式プロフィールで生年月日を確認,SUPPORTED,2026-09-24,
Batch 8 Wave 2 (福岡大学附属大濠高等学校（学校1/11）),B8W2E0016,Career,C000408,organization_id,ORG000127,B8W2S0003,学歴 > 高校：福岡大学附属大濠高等学校,B.LEAGUE公式プロフィールで出身高校を確認,SUPPORTED,2026-09-24,
Batch 8 Wave 2 (福岡大学附属大濠高等学校（学校1/11）),B8W2E0017,Career,C000408,organization_id,ORG000127,B8W2S0007,TagID=35掲載選手一覧,B.LEAGUE公式の出身校タグ一覧に掲載（独立した第2の公式確認）,SUPPORTED,2026-09-24,
Batch 8 Wave 2 (福岡大学附属大濠高等学校（学校1/11）),B8W2E0018,Career,C000409,organization_id,ORG000166,B8W2S0003,学歴 > 大学：筑波大学,B.LEAGUE公式プロフィールで出身大学を確認,SUPPORTED,2026-09-24,
Batch 8 Wave 2 (福岡大学附属大濠高等学校（学校1/11）),B8W2E0019,Career,C000410,organization_id,ORG000171,B8W2S0003,現在：バンビシャス奈良,B.LEAGUE公式プロフィールで現所属クラブを確認,SUPPORTED,2026-09-24,
Batch 8 Wave 2 (福岡大学附属大濠高等学校（学校1/11）),B8W2E0020,Career,C000410,start,2024,B8W2S0003,クラブ所属履歴 > 「2024-25シーズン：奈良」が初出,B.LEAGUE公式のクラブ所属履歴で2024-25シーズンからの加入を確認,SUPPORTED,2026-09-24,
Batch 8 Wave 2 (福岡大学附属大濠高等学校（学校1/11）),B8W2E0021,Person,P000118,name,針間 大知,B8W2S0004,基本情報 > 選手名,B.LEAGUE公式プロフィールで氏名を確認,SUPPORTED,2026-09-24,
Batch 8 Wave 2 (福岡大学附属大濠高等学校（学校1/11）),B8W2E0022,Person,P000118,birth_date,2003-05-10,B8W2S0004,基本情報 > 生年月日,B.LEAGUE公式プロフィールで生年月日を確認,SUPPORTED,2026-09-24,
Batch 8 Wave 2 (福岡大学附属大濠高等学校（学校1/11）),B8W2E0023,Career,C000411,organization_id,ORG000127,B8W2S0004,学歴 > 高校：福岡大学附属大濠高等学校,B.LEAGUE公式プロフィールで出身高校を確認,SUPPORTED,2026-09-24,
Batch 8 Wave 2 (福岡大学附属大濠高等学校（学校1/11）),B8W2E0024,Career,C000411,organization_id,ORG000127,B8W2S0007,TagID=35掲載選手一覧,B.LEAGUE公式の出身校タグ一覧に掲載（独立した第2の公式確認）,SUPPORTED,2026-09-24,
Batch 8 Wave 2 (福岡大学附属大濠高等学校（学校1/11）),B8W2E0025,Career,C000412,organization_id,ORG000124,B8W2S0004,学歴 > 大学：明治大学,B.LEAGUE公式プロフィールで出身大学を確認,SUPPORTED,2026-09-24,
Batch 8 Wave 2 (福岡大学附属大濠高等学校（学校1/11）),B8W2E0026,Career,C000413,organization_id,ORG000180,B8W2S0004,クラブ所属履歴 > 「2025-26シーズン：ファイティングイーグルス名古屋」,B.LEAGUE公式プロフィールで現所属クラブを確認,SUPPORTED,2026-09-24,
Batch 8 Wave 2 (福岡大学附属大濠高等学校（学校1/11）),B8W2E0027,Career,C000413,start,2025,B8W2S0004,クラブ所属履歴 > 「2025-26シーズン：ファイティングイーグルス名古屋」が初出,B.LEAGUE公式のクラブ所属履歴で2025-26シーズンからの加入を確認,SUPPORTED,2026-09-24,
Batch 8 Wave 2 (福岡大学附属大濠高等学校（学校1/11）),B8W2E0028,Person,P000119,name,西田 公陽,B8W2S0005,基本情報 > 選手名,B.LEAGUE公式プロフィールで氏名を確認,SUPPORTED,2026-09-24,
Batch 8 Wave 2 (福岡大学附属大濠高等学校（学校1/11）),B8W2E0029,Person,P000119,birth_date,2001-06-05,B8W2S0005,基本情報 > 生年月日,B.LEAGUE公式プロフィールで生年月日を確認,SUPPORTED,2026-09-24,
Batch 8 Wave 2 (福岡大学附属大濠高等学校（学校1/11）),B8W2E0030,Career,C000414,organization_id,ORG000127,B8W2S0005,学歴 > 高校：福岡大学附属大濠高等学校,B.LEAGUE公式プロフィールで出身高校を確認,SUPPORTED,2026-09-24,
Batch 8 Wave 2 (福岡大学附属大濠高等学校（学校1/11）),B8W2E0031,Career,C000414,organization_id,ORG000127,B8W2S0007,TagID=35掲載選手一覧,B.LEAGUE公式の出身校タグ一覧に掲載（独立した第2の公式確認）,SUPPORTED,2026-09-24,
Batch 8 Wave 2 (福岡大学附属大濠高等学校（学校1/11）),B8W2E0032,Career,C000415,organization_id,ORG000015,B8W2S0005,学歴 > 大学：東海大学,B.LEAGUE公式プロフィールで出身大学を確認,SUPPORTED,2026-09-24,
Batch 8 Wave 2 (福岡大学附属大濠高等学校（学校1/11）),B8W2E0033,Career,C000416,organization_id,ORG000116,B8W2S0005,現在の所属：「2026-27 徳島」ガンバロウズ,B.LEAGUE公式プロフィールで現所属クラブを確認,SUPPORTED,2026-09-24,報道（バスケットボールキング等）によれば原契約はシーホース三河（ORG000130）で、徳島へは期限付き移籍（ローン）中。B.LEAGUE公式の出身校タグ一覧・選手プロフィールいずれも徳島を現所属として扱っているため、それに従って記録した
Batch 8 Wave 2 (福岡大学附属大濠高等学校（学校1/11）),B8W2E0034,Career,C000416,start,2026,B8W2S0005,クラブ所属履歴 > 「2026-27：徳島（現所属）」,B.LEAGUE公式のクラブ所属履歴で2026-27シーズンからの加入を確認,SUPPORTED,2026-09-24,
Batch 8 Wave 2 (福岡大学附属大濠高等学校（学校1/11）),B8W2E0035,Person,P000120,name,渡邉 伶音,B8W2S0006,基本情報 > 選手名,B.LEAGUE公式プロフィールで氏名を確認,SUPPORTED,2026-09-24,
Batch 8 Wave 2 (福岡大学附属大濠高等学校（学校1/11）),B8W2E0036,Person,P000120,birth_date,2006-04-02,B8W2S0006,基本情報 > 生年月日,B.LEAGUE公式プロフィールで生年月日を確認,SUPPORTED,2026-09-24,
Batch 8 Wave 2 (福岡大学附属大濠高等学校（学校1/11）),B8W2E0037,Career,C000417,organization_id,ORG000127,B8W2S0008,本文 > 「福大大濠の渡邉伶音が特別指定選手としてA千葉入り」,B.LEAGUE媒体記事で福岡大学附属大濠高校出身であることを確認,SUPPORTED,2026-09-24,
Batch 8 Wave 2 (福岡大学附属大濠高等学校（学校1/11）),B8W2E0038,Career,C000417,organization_id,ORG000127,B8W2S0007,TagID=35掲載選手一覧,B.LEAGUE公式の出身校タグ一覧に掲載（独立した第2の公式確認）,SUPPORTED,2026-09-24,
Batch 8 Wave 2 (福岡大学附属大濠高等学校（学校1/11）),B8W2E0039,Career,C000418,organization_id,ORG000015,B8W2S0009,本文 > 「4月からは東海大学へ進学」,B.LEAGUE媒体記事で2025年4月の東海大学進学を確認,SUPPORTED,2026-09-24,
Batch 8 Wave 2 (福岡大学附属大濠高等学校（学校1/11）),B8W2E0040,Career,C000418,start,2025,B8W2S0009,本文 > 「4月からは東海大学へ進学」（2025年3月31日付記事）,進学時期（2025年4月）を確認,SUPPORTED,2026-09-24,
Batch 8 Wave 2 (福岡大学附属大濠高等学校（学校1/11）),B8W2E0041,Career,C000418,end,2025,B8W2S0010,本文 > 「今春に東海大学へ進学していましたが...2025年7月をもって退学」,B.LEAGUE媒体記事で2025年7月の中退を確認,SUPPORTED,2026-09-24,
Batch 8 Wave 2 (福岡大学附属大濠高等学校（学校1/11）),B8W2E0042,Career,C000419,organization_id,ORG000144,B8W2S0010,本文 > アルティーリ千葉が2025-26シーズンの選手契約に合意,B.LEAGUE媒体記事でアルティーリ千葉との正式契約（2025年7月）を確認,SUPPORTED,2026-09-24,
Batch 8 Wave 2 (福岡大学附属大濠高等学校（学校1/11）),B8W2E0043,Career,C000419,start,2025,B8W2S0010,本文 > 「2025-26シーズンの選手契約に合意」（2025年7月16日付記事）,契約時期を確認,SUPPORTED,2026-09-24,
Batch 8 Wave 3 (福岡大学附属大濠高等学校（学校1/11）),B8W3E0001,Person,P000121,name,木林 優,B8W3S0001,基本情報 > 選手名,B.LEAGUE公式プロフィールで氏名を確認,SUPPORTED,2026-09-24,
Batch 8 Wave 3 (福岡大学附属大濠高等学校（学校1/11）),B8W3E0002,Person,P000121,birth_date,2002-03-30,B8W3S0001,基本情報 > 生年月日,B.LEAGUE公式プロフィールで生年月日を確認,SUPPORTED,2026-09-24,
Batch 8 Wave 3 (福岡大学附属大濠高等学校（学校1/11）),B8W3E0003,Career,C000420,organization_id,ORG000127,B8W3S0002,経歴 > 高校卒業後に筑波大学へ進学,Wikipediaで出身高校を確認,SUPPORTED,2026-09-24,本人のB.LEAGUE公式プロフィールページには学歴欄自体が存在しないため、Wikipediaを主ソースとした
Batch 8 Wave 3 (福岡大学附属大濠高等学校（学校1/11）),B8W3E0004,Career,C000420,organization_id,ORG000127,B8W3S0008,TagID=35掲載選手一覧,B.LEAGUE公式の出身校タグ一覧に掲載（独立した第2の公式確認）,SUPPORTED,2026-09-24,
Batch 8 Wave 3 (福岡大学附属大濠高等学校（学校1/11）),B8W3E0005,Career,C000421,organization_id,ORG000166,B8W3S0002,経歴 > 高校卒業後に筑波大学へ進学,Wikipediaで出身大学を確認,SUPPORTED,2026-09-24,本人のB.LEAGUE公式プロフィールページには学歴欄自体が存在せず、B.LEAGUE公式での裏付けはとれていない
Batch 8 Wave 3 (福岡大学附属大濠高等学校（学校1/11）),B8W3E0006,Career,C000422,organization_id,ORG000092,B8W3S0001,クラブ経歴 > 「2025-26：北海道」が初出（前年は長崎）,B.LEAGUE公式のクラブ所属履歴で現所属クラブを確認,SUPPORTED,2026-09-24,
Batch 8 Wave 3 (福岡大学附属大濠高等学校（学校1/11）),B8W3E0007,Career,C000422,start,2025,B8W3S0001,クラブ経歴 > 「2025-26：北海道」が初出,B.LEAGUE公式のクラブ所属履歴で2025-26シーズンからの加入を確認,SUPPORTED,2026-09-24,
Batch 8 Wave 3 (福岡大学附属大濠高等学校（学校1/11）),B8W3E0008,Person,P000122,name,湧川 颯斗,B8W3S0003,基本情報 > 選手名,B.LEAGUE公式プロフィールで氏名を確認,SUPPORTED,2026-09-24,
Batch 8 Wave 3 (福岡大学附属大濠高等学校（学校1/11）),B8W3E0009,Person,P000122,birth_date,2004-05-02,B8W3S0003,基本情報 > 生年月日,B.LEAGUE公式プロフィールで生年月日を確認,SUPPORTED,2026-09-24,
Batch 8 Wave 3 (福岡大学附属大濠高等学校（学校1/11）),B8W3E0010,Career,C000423,organization_id,ORG000127,B8W3S0003,学歴 > 出身校（高）：福岡大学附属大濠高校,B.LEAGUE公式プロフィールで出身高校を確認,SUPPORTED,2026-09-24,
Batch 8 Wave 3 (福岡大学附属大濠高等学校（学校1/11）),B8W3E0011,Career,C000423,organization_id,ORG000127,B8W3S0008,TagID=35掲載選手一覧,B.LEAGUE公式の出身校タグ一覧に掲載（独立した第2の公式確認）,SUPPORTED,2026-09-24,
Batch 8 Wave 3 (福岡大学附属大濠高等学校（学校1/11）),B8W3E0012,Career,C000424,organization_id,ORG000097,B8W3S0003,クラブ経歴 > 「2024-25：三遠」が初出（前年は滋賀）,B.LEAGUE公式のクラブ所属履歴で現所属クラブを確認,SUPPORTED,2026-09-24,
Batch 8 Wave 3 (福岡大学附属大濠高等学校（学校1/11）),B8W3E0013,Career,C000424,start,2024,B8W3S0003,クラブ経歴 > 「2024-25：三遠」が初出,B.LEAGUE公式のクラブ所属履歴で2024-25シーズンからの加入を確認,SUPPORTED,2026-09-24,
Batch 8 Wave 3 (福岡大学附属大濠高等学校（学校1/11）),B8W3E0014,Person,P000123,name,中田 嵩基,B8W3S0004,基本情報 > 選手名,B.LEAGUE公式プロフィールで氏名を確認,SUPPORTED,2026-09-24,
Batch 8 Wave 3 (福岡大学附属大濠高等学校（学校1/11）),B8W3E0015,Person,P000123,birth_date,2000-07-11,B8W3S0004,基本情報 > 生年月日,B.LEAGUE公式プロフィールで生年月日を確認,SUPPORTED,2026-09-24,
Batch 8 Wave 3 (福岡大学附属大濠高等学校（学校1/11）),B8W3E0016,Career,C000425,organization_id,ORG000127,B8W3S0004,学歴 > 出身校（高）：福岡大学附属大濠高等学校,B.LEAGUE公式プロフィールで出身高校を確認,SUPPORTED,2026-09-24,
Batch 8 Wave 3 (福岡大学附属大濠高等学校（学校1/11）),B8W3E0017,Career,C000425,organization_id,ORG000127,B8W3S0008,TagID=35掲載選手一覧,B.LEAGUE公式の出身校タグ一覧に掲載（独立した第2の公式確認）,SUPPORTED,2026-09-24,
Batch 8 Wave 3 (福岡大学附属大濠高等学校（学校1/11）),B8W3E0018,Career,C000426,organization_id,ORG000166,B8W3S0004,学歴 > 出身校（大）：筑波大学,B.LEAGUE公式プロフィールで出身大学を確認,SUPPORTED,2026-09-24,
Batch 8 Wave 3 (福岡大学附属大濠高等学校（学校1/11）),B8W3E0019,Career,C000427,organization_id,ORG000181,B8W3S0011,本文 > 「B2山形が福岡退団の中田嵩基を獲得」,B.LEAGUE媒体記事で山形ワイヴァンズへの加入を確認,SUPPORTED,2026-09-24,
Batch 8 Wave 3 (福岡大学附属大濠高等学校（学校1/11）),B8W3E0020,Career,C000427,start,2025,B8W3S0011,本文 > 2025年6月27日付記事、2025-26シーズンからの加入,記事日付・B.LEAGUE公式のクラブ所属履歴（2025-26：山形が初出）で加入時期を確認,SUPPORTED,2026-09-24,
Batch 8 Wave 3 (福岡大学附属大濠高等学校（学校1/11）),B8W3E0021,Person,P000124,name,平松 克樹,B8W3S0005,基本情報 > 選手名,B.LEAGUE公式プロフィールで氏名を確認,SUPPORTED,2026-09-24,
Batch 8 Wave 3 (福岡大学附属大濠高等学校（学校1/11）),B8W3E0022,Person,P000124,birth_date,2002-04-25,B8W3S0005,基本情報 > 生年月日,B.LEAGUE公式プロフィールで生年月日を確認,SUPPORTED,2026-09-24,
Batch 8 Wave 3 (福岡大学附属大濠高等学校（学校1/11）),B8W3E0023,Career,C000428,organization_id,ORG000127,B8W3S0005,学歴 > 出身校（高）：福岡大学附属大濠高等学校,B.LEAGUE公式プロフィールで出身高校を確認,SUPPORTED,2026-09-24,
Batch 8 Wave 3 (福岡大学附属大濠高等学校（学校1/11）),B8W3E0024,Career,C000428,organization_id,ORG000127,B8W3S0008,TagID=35掲載選手一覧,B.LEAGUE公式の出身校タグ一覧に掲載（独立した第2の公式確認）,SUPPORTED,2026-09-24,
Batch 8 Wave 3 (福岡大学附属大濠高等学校（学校1/11）),B8W3E0025,Career,C000429,organization_id,ORG000124,B8W3S0005,学歴 > 出身校（大）：明治大学,B.LEAGUE公式プロフィールで出身大学を確認,SUPPORTED,2026-09-24,
Batch 8 Wave 3 (福岡大学附属大濠高等学校（学校1/11）),B8W3E0026,Career,C000430,organization_id,ORG000180,B8W3S0005,クラブ経歴 > 「2024-25：FE名古屋」が初出,B.LEAGUE公式のクラブ所属履歴で現所属クラブを確認,SUPPORTED,2026-09-24,
Batch 8 Wave 3 (福岡大学附属大濠高等学校（学校1/11）),B8W3E0027,Career,C000430,start,2024,B8W3S0005,クラブ経歴 > 「2024-25：FE名古屋」が初出,B.LEAGUE公式のクラブ所属履歴で2024-25シーズンからの加入を確認,SUPPORTED,2026-09-24,
Batch 8 Wave 3 (福岡大学附属大濠高等学校（学校1/11）),B8W3E0028,Person,P000125,name,岩下 准平,B8W3S0006,基本情報 > 選手名,B.LEAGUE公式プロフィールで氏名を確認,SUPPORTED,2026-09-24,
Batch 8 Wave 3 (福岡大学附属大濠高等学校（学校1/11）),B8W3E0029,Person,P000125,birth_date,2003-04-02,B8W3S0006,基本情報 > 生年月日,B.LEAGUE公式プロフィールで生年月日を確認,SUPPORTED,2026-09-24,
Batch 8 Wave 3 (福岡大学附属大濠高等学校（学校1/11）),B8W3E0030,Career,C000431,organization_id,ORG000127,B8W3S0008,TagID=35（福岡大学附属大濠高等学校）掲載選手一覧,B.LEAGUE公式の出身校タグ一覧に掲載,SUPPORTED,2026-09-24,本人のB.LEAGUE公式プロフィールページの出身校欄は空欄で、高校の記載がない
Batch 8 Wave 3 (福岡大学附属大濠高等学校（学校1/11）),B8W3E0031,Career,C000432,organization_id,ORG000166,B8W3S0009,本文 > 「筑波大4年・岩下准平選手」,報道（Yahoo!ニュース）で筑波大学在籍（4年生）を確認,SUPPORTED,2026-09-24,本人のB.LEAGUE公式プロフィールページの出身校欄は空欄で、大学の記載がない
Batch 8 Wave 3 (福岡大学附属大濠高等学校（学校1/11）),B8W3E0032,Career,C000433,organization_id,ORG000153,B8W3S0006,クラブ経歴 > 「2025-26：滋賀」が初出,B.LEAGUE公式のクラブ所属履歴で現所属クラブを確認,SUPPORTED,2026-09-24,
Batch 8 Wave 3 (福岡大学附属大濠高等学校（学校1/11）),B8W3E0033,Career,C000433,start,2025,B8W3S0006,クラブ経歴 > 「2025-26：滋賀」が初出,B.LEAGUE公式のクラブ所属履歴で2025-26シーズンからの加入を確認,SUPPORTED,2026-09-24,原契約は長崎ヴェルカで、滋賀へは特別指定選手・育成契約選手制度による加入。詳細はissue B8W3I0007を参照
Batch 8 Wave 3 (福岡大学附属大濠高等学校（学校1/11）),B8W3E0034,Person,P000126,name,浅井 修伍,B8W3S0007,基本情報 > 選手名,B.LEAGUE公式プロフィールで氏名を確認,SUPPORTED,2026-09-24,
Batch 8 Wave 3 (福岡大学附属大濠高等学校（学校1/11）),B8W3E0035,Person,P000126,birth_date,2000-12-08,B8W3S0007,基本情報 > 生年月日,B.LEAGUE公式プロフィールで生年月日を確認,SUPPORTED,2026-09-24,
Batch 8 Wave 3 (福岡大学附属大濠高等学校（学校1/11）),B8W3E0036,Career,C000434,organization_id,ORG000127,B8W3S0007,学歴 > 出身校（高）：福岡大学附属大濠高等学校,B.LEAGUE公式プロフィールで出身高校を確認,SUPPORTED,2026-09-24,
Batch 8 Wave 3 (福岡大学附属大濠高等学校（学校1/11）),B8W3E0037,Career,C000434,organization_id,ORG000127,B8W3S0008,TagID=35掲載選手一覧,B.LEAGUE公式の出身校タグ一覧に掲載（独立した第2の公式確認）,SUPPORTED,2026-09-24,
Batch 8 Wave 3 (福岡大学附属大濠高等学校（学校1/11）),B8W3E0038,Career,C000435,organization_id,ORG000166,B8W3S0007,学歴 > 出身校（大）：筑波大学,B.LEAGUE公式プロフィールで出身大学を確認,SUPPORTED,2026-09-24,
Batch 8 Wave 3 (福岡大学附属大濠高等学校（学校1/11）),B8W3E0039,Career,C000436,organization_id,ORG000182,B8W3S0012,本文 > 「浅井修伍がB1茨城からB2青森に移籍」,B.LEAGUE媒体記事で青森ワッツへの加入を確認,SUPPORTED,2026-09-24,
Batch 8 Wave 3 (福岡大学附属大濠高等学校（学校1/11）),B8W3E0040,Career,C000436,start,2025,B8W3S0012,本文 > 2025年6月16日付記事、2025-26シーズンからの加入,記事日付・B.LEAGUE公式のクラブ所属履歴（2025-26：青森が初出）で加入時期を確認,SUPPORTED,2026-09-24,
Batch 8 Wave 4 (福岡大学附属大濠高等学校（学校1/11）),B8W4E0001,Person,P000127,name,島﨑 輝,B8W4S0001,基本情報 > 選手名,B.LEAGUE公式プロフィールで氏名を確認,SUPPORTED,2026-09-24,
Batch 8 Wave 4 (福岡大学附属大濠高等学校（学校1/11）),B8W4E0002,Person,P000127,birth_date,2003-06-29,B8W4S0001,基本情報 > 生年月日,B.LEAGUE公式プロフィールで生年月日を確認,SUPPORTED,2026-09-24,
Batch 8 Wave 4 (福岡大学附属大濠高等学校（学校1/11）),B8W4E0003,Career,C000437,organization_id,ORG000127,B8W4S0001,学歴 > 出身校（高）：福岡大学附属大濠高等学校,B.LEAGUE公式プロフィールで出身高校を確認,SUPPORTED,2026-09-24,
Batch 8 Wave 4 (福岡大学附属大濠高等学校（学校1/11）),B8W4E0004,Career,C000437,organization_id,ORG000127,B8W4S0002,TagID=35掲載選手一覧,B.LEAGUE公式の出身校タグ一覧に掲載（独立した第2の公式確認）,SUPPORTED,2026-09-24,
Batch 8 Wave 4 (福岡大学附属大濠高等学校（学校1/11）),B8W4E0005,Career,C000438,organization_id,ORG000016,B8W4S0001,学歴 > 出身校（大）：中央大学,B.LEAGUE公式プロフィールで出身大学を確認,SUPPORTED,2026-09-24,
Batch 8 Wave 4 (福岡大学附属大濠高等学校（学校1/11）),B8W4E0006,Career,C000439,organization_id,ORG000183,B8W4S0001,クラブ経歴 > 「2026-27：埼玉」のみ記載（B.LEAGUEデビューシーズン）,B.LEAGUE公式のクラブ所属履歴で現所属クラブを確認,SUPPORTED,2026-09-24,
Batch 8 Wave 4 (福岡大学附属大濠高等学校（学校1/11）),B8W4E0007,Career,C000439,start,2026,B8W4S0001,クラブ経歴 > 「2026-27：埼玉」が初出（唯一の記載）,B.LEAGUE公式のクラブ所属履歴で2026-27シーズンからの加入（B.LEAGUEデビュー）を確認,SUPPORTED,2026-09-24,
Batch 9 Wave 1 (仙台大学附属明成高等学校（学校2/11）),B9W1E0001,Person,P000128,name,納見 悠仁,B9W1S0001,基本情報 > 選手名,B.LEAGUE公式プロフィールで氏名を確認,SUPPORTED,2026-09-24,
Batch 9 Wave 1 (仙台大学附属明成高等学校（学校2/11）),B9W1E0002,Person,P000128,birth_date,1997-04-10,B9W1S0001,基本情報 > 生年月日,B.LEAGUE公式プロフィールで生年月日を確認,SUPPORTED,2026-09-24,
Batch 9 Wave 1 (仙台大学附属明成高等学校（学校2/11）),B9W1E0003,Career,C000440,organization_id,ORG000147,B9W1S0001,学歴 > 出身校（高）：明成高等学校(現・仙台大学附属明成高等学校),B.LEAGUE公式プロフィールで出身高校を確認,SUPPORTED,2026-09-24,
Batch 9 Wave 1 (仙台大学附属明成高等学校（学校2/11）),B9W1E0004,Career,C000440,organization_id,ORG000147,B9W1S0007,TagID=35掲載選手一覧,B.LEAGUE公式の出身校タグ一覧に掲載（独立した第2の公式確認）,SUPPORTED,2026-09-24,
Batch 9 Wave 1 (仙台大学附属明成高等学校（学校2/11）),B9W1E0005,Career,C000441,organization_id,ORG000030,B9W1S0001,学歴 > 出身校（大）：青山学院大学,B.LEAGUE公式プロフィールで出身大学を確認,SUPPORTED,2026-09-24,
Batch 9 Wave 1 (仙台大学附属明成高等学校（学校2/11）),B9W1E0006,Career,C000442,organization_id,ORG000155,B9W1S0001,クラブ経歴 > 「2024-25：島根」が初出（前年は川崎、その前は新潟・島根）,B.LEAGUE公式のクラブ所属履歴で現所属クラブを確認,SUPPORTED,2026-09-24,
Batch 9 Wave 1 (仙台大学附属明成高等学校（学校2/11）),B9W1E0007,Career,C000442,start,2024,B9W1S0001,クラブ経歴 > 「2024-25：島根」が初出（今回の在籍）,B.LEAGUE公式のクラブ所属履歴で2024-25シーズンからの現在の在籍開始を確認,SUPPORTED,2026-09-24,2019-20シーズンにも一度島根に在籍しており、同一クラブへの復帰である点に留意
Batch 9 Wave 1 (仙台大学附属明成高等学校（学校2/11）),B9W1E0008,Person,P000129,name,白戸 大聖,B9W1S0002,基本情報 > 選手名,B.LEAGUE公式プロフィールで氏名を確認,SUPPORTED,2026-09-24,
Batch 9 Wave 1 (仙台大学附属明成高等学校（学校2/11）),B9W1E0009,Person,P000129,birth_date,1995-05-25,B9W1S0002,基本情報 > 生年月日,B.LEAGUE公式プロフィールで生年月日を確認,SUPPORTED,2026-09-24,
Batch 9 Wave 1 (仙台大学附属明成高等学校（学校2/11）),B9W1E0010,Career,C000443,organization_id,ORG000147,B9W1S0002,学歴 > 出身校（高）：明成高等学校（現・仙台大学附属明成高等学校）,B.LEAGUE公式プロフィールで出身高校を確認,SUPPORTED,2026-09-24,
Batch 9 Wave 1 (仙台大学附属明成高等学校（学校2/11）),B9W1E0011,Career,C000443,organization_id,ORG000147,B9W1S0007,TagID=35掲載選手一覧,B.LEAGUE公式の出身校タグ一覧に掲載（独立した第2の公式確認）,SUPPORTED,2026-09-24,
Batch 9 Wave 1 (仙台大学附属明成高等学校（学校2/11）),B9W1E0012,Career,C000444,organization_id,ORG000015,B9W1S0002,学歴 > 出身校（大）：東海大学,B.LEAGUE公式プロフィールで出身大学を確認,SUPPORTED,2026-09-24,
Batch 9 Wave 1 (仙台大学附属明成高等学校（学校2/11）),B9W1E0013,Career,C000445,organization_id,ORG000181,B9W1S0002,クラブ経歴 > 「2023-24：山形」が初出（前年は福岡）,B.LEAGUE公式のクラブ所属履歴で現所属クラブを確認,SUPPORTED,2026-09-24,
Batch 9 Wave 1 (仙台大学附属明成高等学校（学校2/11）),B9W1E0014,Career,C000445,start,2023,B9W1S0002,クラブ経歴 > 「2023-24：山形」が初出,B.LEAGUE公式のクラブ所属履歴で2023-24シーズンからの加入を確認,SUPPORTED,2026-09-24,
Batch 9 Wave 1 (仙台大学附属明成高等学校（学校2/11）),B9W1E0015,Person,P000130,name,菅野 ブルース,B9W1S0003,基本情報 > 選手名,B.LEAGUE公式プロフィールで氏名を確認,SUPPORTED,2026-09-24,
Batch 9 Wave 1 (仙台大学附属明成高等学校（学校2/11）),B9W1E0016,Person,P000130,birth_date,2003-05-06,B9W1S0003,基本情報 > 生年月日,B.LEAGUE公式プロフィールで生年月日を確認,SUPPORTED,2026-09-24,
Batch 9 Wave 1 (仙台大学附属明成高等学校（学校2/11）),B9W1E0017,Career,C000446,organization_id,ORG000147,B9W1S0009,TagID=35（仙台大学附属明成高等学校）掲載選手一覧,B.LEAGUE公式の出身校タグ一覧に掲載,SUPPORTED,2026-09-24,本人のB.LEAGUE公式プロフィールページには出身校（高）欄の記載がない。また2020年の校名改称後の在学と見られ、組織名は旧名（明成高等学校）で登録済みのため、ORG_NAME_HISTORY（issue B9W1I0007）を参照
Batch 9 Wave 1 (仙台大学附属明成高等学校（学校2/11）),B9W1E0018,Career,C000447,organization_id,ORG000184,B9W1S0003,学歴 > 出身校（大）：ステッソン大学,B.LEAGUE公式プロフィールで出身大学（米国ステッソン大学）を確認,SUPPORTED,2026-09-24,
Batch 9 Wave 1 (仙台大学附属明成高等学校（学校2/11）),B9W1E0019,Career,C000448,organization_id,ORG000118,B9W1S0003,クラブ経歴 > 「2024-25：千葉」が初出（唯一の記載）,B.LEAGUE公式のクラブ所属履歴で現所属クラブを確認,SUPPORTED,2026-09-24,
Batch 9 Wave 1 (仙台大学附属明成高等学校（学校2/11）),B9W1E0020,Career,C000448,start,2024,B9W1S0003,クラブ経歴 > 「2024-25：千葉」が初出,B.LEAGUE公式のクラブ所属履歴で2024-25シーズンからの加入（B.LEAGUEデビュー）を確認,SUPPORTED,2026-09-24,
Batch 9 Wave 1 (仙台大学附属明成高等学校（学校2/11）),B9W1E0021,Person,P000131,name,山内 ジャヘル琉人,B9W1S0004,基本情報 > 選手名,B.LEAGUE公式プロフィールで氏名を確認,SUPPORTED,2026-09-24,
Batch 9 Wave 1 (仙台大学附属明成高等学校（学校2/11）),B9W1E0022,Person,P000131,birth_date,2002-12-05,B9W1S0004,基本情報 > 生年月日,B.LEAGUE公式プロフィールで生年月日を確認,SUPPORTED,2026-09-24,
Batch 9 Wave 1 (仙台大学附属明成高等学校（学校2/11）),B9W1E0023,Career,C000449,organization_id,ORG000147,B9W1S0009,TagID=35（仙台大学附属明成高等学校）掲載選手一覧,B.LEAGUE公式の出身校タグ一覧に掲載,SUPPORTED,2026-09-24,本人のB.LEAGUE公式プロフィールページには出身校（高・大とも）欄の記載がない。大学は確認できる情報がないため今回のWaveではCareerを登録していない。また2020年の校名改称後の在学と見られ、組織名は旧名（明成高等学校）で登録済みのため、ORG_NAME_HISTORY（issue B9W1I0007）を参照
Batch 9 Wave 1 (仙台大学附属明成高等学校（学校2/11）),B9W1E0024,Career,C000450,organization_id,ORG000122,B9W1S0004,クラブ経歴 > 「2024-25：川崎」が初出（唯一の記載）,B.LEAGUE公式のクラブ所属履歴で現所属クラブを確認,SUPPORTED,2026-09-24,
Batch 9 Wave 1 (仙台大学附属明成高等学校（学校2/11）),B9W1E0025,Career,C000450,start,2024,B9W1S0004,クラブ経歴 > 「2024-25：川崎」が初出,B.LEAGUE公式のクラブ所属履歴で2024-25シーズンからの加入（B.LEAGUEデビュー）を確認,SUPPORTED,2026-09-24,
Batch 9 Wave 1 (仙台大学附属明成高等学校（学校2/11）),B9W1E0026,Person,P000132,name,石川 海斗,B9W1S0005,基本情報 > 選手名,B.LEAGUE公式プロフィールで氏名を確認,SUPPORTED,2026-09-24,
Batch 9 Wave 1 (仙台大学附属明成高等学校（学校2/11）),B9W1E0027,Person,P000132,birth_date,1990-11-30,B9W1S0005,基本情報 > 生年月日,B.LEAGUE公式プロフィールで生年月日を確認,SUPPORTED,2026-09-24,
Batch 9 Wave 1 (仙台大学附属明成高等学校（学校2/11）),B9W1E0028,Career,C000451,organization_id,ORG000147,B9W1S0008,TagID=35（仙台大学附属明成高等学校(旧・明成高等学校)）掲載選手一覧,B.LEAGUE公式の出身校タグ一覧に掲載,SUPPORTED,2026-09-24,本人のB.LEAGUE公式プロフィールページには出身校（高）欄の記載がない
Batch 9 Wave 1 (仙台大学附属明成高等学校（学校2/11）),B9W1E0029,Career,C000451,organization_id,ORG000147,B9W1S0010,選手一覧表 > 石川海斗,j-cbaske.comのバスケWikiで明成高校出身であることを確認（独立した第2の確認）,SUPPORTED,2026-09-24,
Batch 9 Wave 1 (仙台大学附属明成高等学校（学校2/11）),B9W1E0030,Career,C000452,organization_id,ORG000121,B9W1S0010,選手一覧表 > 石川海斗、出身大学：日本大学,j-cbaske.comのバスケWikiで出身大学を確認,SUPPORTED,2026-09-24,本人のB.LEAGUE公式プロフィールページには出身校（大）欄の記載がなく、Wikiのみのソース
Batch 9 Wave 1 (仙台大学附属明成高等学校（学校2/11）),B9W1E0031,Career,C000453,organization_id,ORG000067,B9W1S0005,クラブ経歴 > 「2025-26：熊本」が初出（今回の在籍。前年は信州）,B.LEAGUE公式のクラブ所属履歴で現所属クラブを確認,SUPPORTED,2026-09-24,
Batch 9 Wave 1 (仙台大学附属明成高等学校（学校2/11）),B9W1E0032,Career,C000453,start,2025,B9W1S0005,クラブ経歴 > 「2025-26：熊本」が初出（今回の在籍）,B.LEAGUE公式のクラブ所属履歴で2025-26シーズンからの現在の在籍開始を確認,SUPPORTED,2026-09-24,2019-20〜2020-21シーズンにも一度熊本に在籍しており、同一クラブへの復帰である点に留意
Batch 9 Wave 1 (仙台大学附属明成高等学校（学校2/11）),B9W1E0033,Person,P000133,name,八村 阿蓮,B9W1S0006,基本情報 > 選手名,神戸ストークス公式サイトの選手プロフィールで氏名を確認,SUPPORTED,2026-09-24,
Batch 9 Wave 1 (仙台大学附属明成高等学校（学校2/11）),B9W1E0034,Person,P000133,birth_date,1999-12-20,B9W1S0006,基本情報 > 生年月日,神戸ストークス公式サイトの選手プロフィールで生年月日を確認,SUPPORTED,2026-09-24,
Batch 9 Wave 1 (仙台大学附属明成高等学校（学校2/11）),B9W1E0035,Career,C000454,organization_id,ORG000147,B9W1S0006,学歴 > 出身高校：明成高等学校（現・仙台大学附属明成高等学校）,神戸ストークス公式サイトの選手プロフィールで出身高校を確認,SUPPORTED,2026-09-24,B.LEAGUE公式のTagID=35タグ一覧（3variantsとも）には本選手が掲載されておらず、タグ一覧のみに頼る発見手法の限界を示す事例（issue B9W1I0008参照）
Batch 9 Wave 1 (仙台大学附属明成高等学校（学校2/11）),B9W1E0036,Career,C000455,organization_id,ORG000015,B9W1S0006,学歴 > 出身大学：東海大学,神戸ストークス公式サイトの選手プロフィールで出身大学を確認,SUPPORTED,2026-09-24,
Batch 9 Wave 1 (仙台大学附属明成高等学校（学校2/11）),B9W1E0037,Career,C000456,organization_id,ORG000043,B9W1S0011,本文 > 「群馬を退団した八村阿蓮、新天地は神戸に決定」,バスケットボールキング記事で神戸ストークスとの契約（2025年5月）を確認,SUPPORTED,2026-09-24,
Batch 9 Wave 1 (仙台大学附属明成高等学校（学校2/11）),B9W1E0038,Career,C000456,start,2025,B9W1S0011,本文 > 2025年5月28日付記事,記事日付で2025-26シーズンからの加入を確認,SUPPORTED,2026-09-24,
Batch 10 Wave 1 (洛南高等学校（学校3/11）),B10W1E0001,Person,P000134,name,星川 開聖,B10W1S0002,基本情報 > 選手名,B.LEAGUE公式プロフィールで氏名を確認,SUPPORTED,2026-09-24,
Batch 10 Wave 1 (洛南高等学校（学校3/11）),B10W1E0002,Person,P000134,birth_date,2004-11-19,B10W1S0002,基本情報 > 生年月日,B.LEAGUE公式プロフィールで生年月日を確認,SUPPORTED,2026-09-24,
Batch 10 Wave 1 (洛南高等学校（学校3/11）),B10W1E0003,Career,C000457,organization_id,ORG000119,B10W1S0001,TagID=35（洛南高等学校）掲載選手一覧,B.LEAGUE公式の出身校タグ一覧に掲載,SUPPORTED,2026-09-24,
Batch 10 Wave 1 (洛南高等学校（学校3/11）),B10W1E0004,Career,C000458,organization_id,ORG000166,B10W1S0001,選手カード > 出身校：筑波大学,B.LEAGUE公式の出身校タグ一覧の選手カードで出身大学を確認,SUPPORTED,2026-09-24,
Batch 10 Wave 1 (洛南高等学校（学校3/11）),B10W1E0005,Career,C000459,organization_id,ORG000047,B10W1S0002,クラブ経歴 > 「2024-25：宇都宮」が初出（唯一の記載）,B.LEAGUE公式のクラブ所属履歴で現所属クラブを確認,SUPPORTED,2026-09-24,
Batch 10 Wave 1 (洛南高等学校（学校3/11）),B10W1E0006,Career,C000459,start,2024,B10W1S0002,クラブ経歴 > 「2024-25：宇都宮」が初出,B.LEAGUE公式のクラブ所属履歴で2024-25シーズンからの加入（B.LEAGUEデビュー）を確認,SUPPORTED,2026-09-24,
Batch 10 Wave 1 (洛南高等学校（学校3/11）),B10W1E0007,Person,P000135,name,竹内 公輔,B10W1S0003,基本情報 > 選手名,B.LEAGUE公式プロフィールで氏名を確認,SUPPORTED,2026-09-24,
Batch 10 Wave 1 (洛南高等学校（学校3/11）),B10W1E0008,Person,P000135,birth_date,1985-01-29,B10W1S0003,基本情報 > 生年月日,B.LEAGUE公式プロフィールで生年月日を確認,SUPPORTED,2026-09-24,
Batch 10 Wave 1 (洛南高等学校（学校3/11）),B10W1E0009,Career,C000460,organization_id,ORG000119,B10W1S0001,TagID=35（洛南高等学校）掲載選手一覧,B.LEAGUE公式の出身校タグ一覧に掲載,SUPPORTED,2026-09-24,
Batch 10 Wave 1 (洛南高等学校（学校3/11）),B10W1E0010,Career,C000461,organization_id,ORG000185,B10W1S0001,選手カード > 出身校：慶應義塾大学,B.LEAGUE公式の出身校タグ一覧の選手カードで出身大学を確認,SUPPORTED,2026-09-24,
Batch 10 Wave 1 (洛南高等学校（学校3/11）),B10W1E0011,Career,C000462,organization_id,ORG000047,B10W1S0003,クラブ経歴 > 「2016-17〜2018-19：栃木」「2019-20以降：宇都宮」,B.LEAGUE公式のクラブ所属履歴を確認,SUPPORTED,2026-09-24,栃木ブレックスは2019年7月に宇都宮ブレックスへ改称（バスケットボールキングで確認）した同一クラブのため、Organizationは既存の宇都宮ブレックス（ORG000047）を再利用し、改称前からの継続在籍として扱った。詳細はissue B10W1I0006を参照
Batch 10 Wave 1 (洛南高等学校（学校3/11）),B10W1E0012,Career,C000462,start,2016,B10W1S0003,クラブ経歴 > 「2016-17：栃木」が初出,B.LEAGUE公式のクラブ所属履歴で2016-17シーズンからの加入（改称前の栃木ブレックス在籍時から）を確認,SUPPORTED,2026-09-24,
Batch 10 Wave 1 (洛南高等学校（学校3/11）),B10W1E0013,Person,P000136,name,荒川 颯,B10W1S0004,基本情報 > 選手名,B.LEAGUE公式プロフィールで氏名を確認,SUPPORTED,2026-09-24,
Batch 10 Wave 1 (洛南高等学校（学校3/11）),B10W1E0014,Person,P000136,birth_date,1997-07-25,B10W1S0004,基本情報 > 生年月日,B.LEAGUE公式プロフィールで生年月日を確認,SUPPORTED,2026-09-24,
Batch 10 Wave 1 (洛南高等学校（学校3/11）),B10W1E0015,Career,C000463,organization_id,ORG000119,B10W1S0001,TagID=35（洛南高等学校）掲載選手一覧,B.LEAGUE公式の出身校タグ一覧に掲載,SUPPORTED,2026-09-24,
Batch 10 Wave 1 (洛南高等学校（学校3/11）),B10W1E0016,Career,C000464,organization_id,ORG000031,B10W1S0001,選手カード > 出身校：拓殖大学,B.LEAGUE公式の出身校タグ一覧の選手カードで出身大学を確認,SUPPORTED,2026-09-24,
Batch 10 Wave 1 (洛南高等学校（学校3/11）),B10W1E0017,Career,C000465,organization_id,ORG000047,B10W1S0008,本文 > 「宇都宮ブレックスが琉球を退団した荒川颯を獲得」,バスケットカウント記事で宇都宮ブレックスとの契約（2026-27シーズン）を確認,SUPPORTED,2026-09-24,
Batch 10 Wave 1 (洛南高等学校（学校3/11）),B10W1E0018,Career,C000465,start,2026,B10W1S0004,クラブ経歴 > 「2026-27：宇都宮」が初出,B.LEAGUE公式のクラブ所属履歴で2026-27シーズンからの加入を確認,SUPPORTED,2026-09-24,
Batch 10 Wave 1 (洛南高等学校（学校3/11）),B10W1E0019,Person,P000137,name,笹山 貴哉,B10W1S0005,基本情報 > 選手名,B.LEAGUE公式プロフィールで氏名を確認,SUPPORTED,2026-09-24,
Batch 10 Wave 1 (洛南高等学校（学校3/11）),B10W1E0020,Person,P000137,birth_date,1993-02-15,B10W1S0005,基本情報 > 生年月日,B.LEAGUE公式プロフィールで生年月日を確認,SUPPORTED,2026-09-24,
Batch 10 Wave 1 (洛南高等学校（学校3/11）),B10W1E0021,Career,C000466,organization_id,ORG000119,B10W1S0001,TagID=35（洛南高等学校）掲載選手一覧,B.LEAGUE公式の出身校タグ一覧に掲載,SUPPORTED,2026-09-24,
Batch 10 Wave 1 (洛南高等学校（学校3/11）),B10W1E0022,Career,C000467,organization_id,ORG000166,B10W1S0001,選手カード > 出身校：筑波大学,B.LEAGUE公式の出身校タグ一覧の選手カードで出身大学を確認,SUPPORTED,2026-09-24,
Batch 10 Wave 1 (洛南高等学校（学校3/11）),B10W1E0023,Career,C000468,organization_id,ORG000180,B10W1S0005,クラブ経歴 > 「2021-22以降：FE名古屋」,B.LEAGUE公式のクラブ所属履歴で現所属クラブを確認,SUPPORTED,2026-09-24,
Batch 10 Wave 1 (洛南高等学校（学校3/11）),B10W1E0024,Career,C000468,start,2021,B10W1S0005,クラブ経歴 > 「2021-22：FE名古屋」が初出（前年は名古屋D、別クラブ）,B.LEAGUE公式のクラブ所属履歴で2021-22シーズンからの加入を確認,SUPPORTED,2026-09-24,前年までの「名古屋D」（名古屋ダイヤモンドドルフィンズ、ORG000054）はFE名古屋とは別法人の別クラブであり、改称等の同一性はない（詳細はissue B10W1I0007を参照）
Batch 10 Wave 1 (洛南高等学校（学校3/11）),B10W1E0025,Person,P000138,name,岩屋 頼,B10W1S0006,基本情報 > 選手名,B.LEAGUE公式プロフィールで氏名を確認,SUPPORTED,2026-09-24,
Batch 10 Wave 1 (洛南高等学校（学校3/11）),B10W1E0026,Person,P000138,birth_date,2003-04-20,B10W1S0006,基本情報 > 生年月日,B.LEAGUE公式プロフィールで生年月日を確認,SUPPORTED,2026-09-24,
Batch 10 Wave 1 (洛南高等学校（学校3/11）),B10W1E0027,Career,C000469,organization_id,ORG000119,B10W1S0001,TagID=35（洛南高等学校）掲載選手一覧,B.LEAGUE公式の出身校タグ一覧に掲載,SUPPORTED,2026-09-24,
Batch 10 Wave 1 (洛南高等学校（学校3/11）),B10W1E0028,Career,C000470,organization_id,ORG000136,B10W1S0001,選手カード > 出身校：早稲田大学,B.LEAGUE公式の出身校タグ一覧の選手カードで出身大学を確認,SUPPORTED,2026-09-24,
Batch 10 Wave 1 (洛南高等学校（学校3/11）),B10W1E0029,Career,C000471,organization_id,ORG000137,B10W1S0006,クラブ経歴 > 「2025-26：秋田」が初出（唯一の記載）,B.LEAGUE公式のクラブ所属履歴で現所属クラブを確認,SUPPORTED,2026-09-24,
Batch 10 Wave 1 (洛南高等学校（学校3/11）),B10W1E0030,Career,C000471,start,2025,B10W1S0006,クラブ経歴 > 「2025-26：秋田」が初出,B.LEAGUE公式のクラブ所属履歴で2025-26シーズンからの加入（B.LEAGUEデビュー）を確認,SUPPORTED,2026-09-24,
Batch 10 Wave 1 (洛南高等学校（学校3/11）),B10W1E0031,Person,P000139,name,森井 健太,B10W1S0007,基本情報 > 選手名,B.LEAGUE公式プロフィールで氏名を確認,SUPPORTED,2026-09-24,
Batch 10 Wave 1 (洛南高等学校（学校3/11）),B10W1E0032,Person,P000139,birth_date,1995-09-22,B10W1S0007,基本情報 > 生年月日,B.LEAGUE公式プロフィールで生年月日を確認,SUPPORTED,2026-09-24,
Batch 10 Wave 1 (洛南高等学校（学校3/11）),B10W1E0033,Career,C000472,organization_id,ORG000119,B10W1S0001,TagID=35（洛南高等学校）掲載選手一覧,B.LEAGUE公式の出身校タグ一覧に掲載,SUPPORTED,2026-09-24,
Batch 10 Wave 1 (洛南高等学校（学校3/11）),B10W1E0034,Career,C000473,organization_id,ORG000136,B10W1S0001,選手カード > 出身校：早稲田大学,B.LEAGUE公式の出身校タグ一覧の選手カードで出身大学を確認,SUPPORTED,2026-09-24,
Batch 10 Wave 1 (洛南高等学校（学校3/11）),B10W1E0035,Career,C000474,organization_id,ORG000055,B10W1S0007,クラブ経歴 > 「2020-21：横浜BC」が初出（前年は新潟）,B.LEAGUE公式のクラブ所属履歴で現所属クラブを確認,SUPPORTED,2026-09-24,
Batch 10 Wave 1 (洛南高等学校（学校3/11）),B10W1E0036,Career,C000474,start,2020,B10W1S0007,クラブ経歴 > 「2020-21：横浜BC」が初出,B.LEAGUE公式のクラブ所属履歴で2020-21シーズンからの加入を確認,SUPPORTED,2026-09-24,
Batch 10 Wave 2 (洛南高等学校（学校3/11）),B10W2E0001,Person,P000140,name,淺野 ケニー,B10W2S0002,基本情報 > 選手名,B.LEAGUE公式プロフィールで氏名を確認,SUPPORTED,2026-09-24,
Batch 10 Wave 2 (洛南高等学校（学校3/11）),B10W2E0002,Person,P000140,birth_date,2002-08-16,B10W2S0002,基本情報 > 生年月日,B.LEAGUE公式プロフィールで生年月日を確認,SUPPORTED,2026-09-24,
Batch 10 Wave 2 (洛南高等学校（学校3/11）),B10W2E0003,Career,C000475,organization_id,ORG000119,B10W2S0001,TagID=35（洛南高等学校）掲載選手一覧,B.LEAGUE公式の出身校タグ一覧に掲載,SUPPORTED,2026-09-24,
Batch 10 Wave 2 (洛南高等学校（学校3/11）),B10W2E0004,Career,C000476,organization_id,ORG000018,B10W2S0001,選手カード > 出身校：専修大学,B.LEAGUE公式の出身校タグ一覧の選手カードで出身大学を確認,SUPPORTED,2026-09-24,
Batch 10 Wave 2 (洛南高等学校（学校3/11）),B10W2E0005,Career,C000477,organization_id,ORG000143,B10W2S0002,クラブ経歴 > 「2024-25：群馬」が初出（前年は三遠、その前は京都）,B.LEAGUE公式のクラブ所属履歴で現所属クラブを確認,SUPPORTED,2026-09-24,
Batch 10 Wave 2 (洛南高等学校（学校3/11）),B10W2E0006,Career,C000477,start,2024,B10W2S0002,クラブ経歴 > 「2024-25：群馬」が初出,B.LEAGUE公式のクラブ所属履歴で2024-25シーズンからの加入を確認,SUPPORTED,2026-09-24,
Batch 10 Wave 2 (洛南高等学校（学校3/11）),B10W2E0007,Person,P000141,name,飯尾 文哉,B10W2S0003,基本情報 > 選手名,B.LEAGUE公式プロフィールで氏名を確認,SUPPORTED,2026-09-24,
Batch 10 Wave 2 (洛南高等学校（学校3/11）),B10W2E0008,Person,P000141,birth_date,2000-06-10,B10W2S0003,基本情報 > 生年月日,B.LEAGUE公式プロフィールで生年月日を確認,SUPPORTED,2026-09-24,
Batch 10 Wave 2 (洛南高等学校（学校3/11）),B10W2E0009,Career,C000478,organization_id,ORG000119,B10W2S0001,TagID=35（洛南高等学校）掲載選手一覧,B.LEAGUE公式の出身校タグ一覧に掲載,SUPPORTED,2026-09-24,
Batch 10 Wave 2 (洛南高等学校（学校3/11）),B10W2E0010,Career,C000479,organization_id,ORG000121,B10W2S0001,選手カード > 出身校：日本大学,B.LEAGUE公式の出身校タグ一覧の選手カードで出身大学を確認,SUPPORTED,2026-09-24,
Batch 10 Wave 2 (洛南高等学校（学校3/11）),B10W2E0011,Career,C000480,organization_id,ORG000155,B10W2S0003,クラブ経歴 > 「2025-26：島根」が初出（前年まで大阪）,B.LEAGUE公式のクラブ所属履歴で現所属クラブを確認,SUPPORTED,2026-09-24,
Batch 10 Wave 2 (洛南高等学校（学校3/11）),B10W2E0012,Career,C000480,start,2025,B10W2S0003,クラブ経歴 > 「2025-26：島根」が初出,B.LEAGUE公式のクラブ所属履歴で2025-26シーズンからの加入を確認,SUPPORTED,2026-09-24,
Batch 10 Wave 2 (洛南高等学校（学校3/11）),B10W2E0013,Person,P000142,name,谷口 大智,B10W2S0004,基本情報 > 選手名,B.LEAGUE公式プロフィールで氏名を確認,SUPPORTED,2026-09-24,
Batch 10 Wave 2 (洛南高等学校（学校3/11）),B10W2E0014,Person,P000142,birth_date,1990-04-15,B10W2S0004,基本情報 > 生年月日,B.LEAGUE公式プロフィールで生年月日を確認,SUPPORTED,2026-09-24,
Batch 10 Wave 2 (洛南高等学校（学校3/11）),B10W2E0015,Career,C000481,organization_id,ORG000119,B10W2S0001,TagID=35（洛南高等学校）掲載選手一覧,B.LEAGUE公式の出身校タグ一覧に掲載,SUPPORTED,2026-09-24,
Batch 10 Wave 2 (洛南高等学校（学校3/11）),B10W2E0016,Career,C000482,organization_id,ORG000186,B10W2S0001,選手カード > 出身校：サウスイースタン・オクラホマ州立大学,B.LEAGUE公式の出身校タグ一覧の選手カードで出身大学（米国）を確認,SUPPORTED,2026-09-24,
Batch 10 Wave 2 (洛南高等学校（学校3/11）),B10W2E0017,Career,C000483,organization_id,ORG000143,B10W2S0004,クラブ経歴 > 「2025-26：群馬」が初出（前年まで島根）,B.LEAGUE公式のクラブ所属履歴で現所属クラブを確認,SUPPORTED,2026-09-24,
Batch 10 Wave 2 (洛南高等学校（学校3/11）),B10W2E0018,Career,C000483,start,2025,B10W2S0004,クラブ経歴 > 「2025-26：群馬」が初出,B.LEAGUE公式のクラブ所属履歴で2025-26シーズンからの加入を確認,SUPPORTED,2026-09-24,
Batch 10 Wave 2 (洛南高等学校（学校3/11）),B10W2E0019,Person,P000143,name,寺嶋 良,B10W2S0005,基本情報 > 選手名,B.LEAGUE公式プロフィールで氏名を確認,SUPPORTED,2026-09-24,
Batch 10 Wave 2 (洛南高等学校（学校3/11）),B10W2E0020,Person,P000143,birth_date,1997-10-23,B10W2S0005,基本情報 > 生年月日,B.LEAGUE公式プロフィールで生年月日を確認,SUPPORTED,2026-09-24,
Batch 10 Wave 2 (洛南高等学校（学校3/11）),B10W2E0021,Career,C000484,organization_id,ORG000119,B10W2S0001,TagID=35（洛南高等学校）掲載選手一覧,B.LEAGUE公式の出身校タグ一覧に掲載,SUPPORTED,2026-09-24,
Batch 10 Wave 2 (洛南高等学校（学校3/11）),B10W2E0022,Career,C000485,organization_id,ORG000015,B10W2S0001,選手カード > 出身校：東海大学,B.LEAGUE公式の出身校タグ一覧の選手カードで出身大学を確認,SUPPORTED,2026-09-24,
Batch 10 Wave 2 (洛南高等学校（学校3/11）),B10W2E0023,Career,C000486,organization_id,ORG000110,B10W2S0005,クラブ経歴 > 「2021-22以降：広島」（前年まで京都）,B.LEAGUE公式のクラブ所属履歴で現所属クラブを確認,SUPPORTED,2026-09-24,
Batch 10 Wave 2 (洛南高等学校（学校3/11）),B10W2E0024,Career,C000486,start,2021,B10W2S0005,クラブ経歴 > 「2021-22：広島」が初出,B.LEAGUE公式のクラブ所属履歴で2021-22シーズンからの加入を確認,SUPPORTED,2026-09-24,
Batch 10 Wave 2 (洛南高等学校（学校3/11）),B10W2E0025,Person,P000144,name,谷口 光貴,B10W2S0006,基本情報 > 選手名,B.LEAGUE公式プロフィールで氏名を確認,SUPPORTED,2026-09-24,
Batch 10 Wave 2 (洛南高等学校（学校3/11）),B10W2E0026,Person,P000144,birth_date,1992-12-18,B10W2S0006,基本情報 > 生年月日,B.LEAGUE公式プロフィールで生年月日を確認,SUPPORTED,2026-09-24,
Batch 10 Wave 2 (洛南高等学校（学校3/11）),B10W2E0027,Career,C000487,organization_id,ORG000119,B10W2S0001,TagID=35（洛南高等学校）掲載選手一覧,B.LEAGUE公式の出身校タグ一覧に掲載,SUPPORTED,2026-09-24,
Batch 10 Wave 2 (洛南高等学校（学校3/11）),B10W2E0028,Career,C000488,organization_id,ORG000016,B10W2S0001,選手カード > 出身校：中央大学,B.LEAGUE公式の出身校タグ一覧の選手カードで出身大学を確認,SUPPORTED,2026-09-24,
Batch 10 Wave 2 (洛南高等学校（学校3/11）),B10W2E0029,Career,C000489,organization_id,ORG000040,B10W2S0006,クラブ経歴 > 「2026-27：福岡」が初出（今回の復帰。前年は横浜BC、その前も福岡）,B.LEAGUE公式のクラブ所属履歴で現所属クラブを確認,SUPPORTED,2026-09-24,2023-24〜2024-25シーズンにも一度福岡に在籍しており、2025-26シーズンの横浜BC在籍を挟んだ復帰である点に留意
Batch 10 Wave 2 (洛南高等学校（学校3/11）),B10W2E0030,Career,C000489,start,2026,B10W2S0006,クラブ経歴 > 「2026-27：福岡」が初出（今回の復帰）,B.LEAGUE公式のクラブ所属履歴で2026-27シーズンからの現在の在籍開始を確認,SUPPORTED,2026-09-24,
Batch 10 Wave 2 (洛南高等学校（学校3/11）),B10W2E0031,Person,P000145,name,大橋 大空,B10W2S0007,基本情報 > 選手名,B.LEAGUE公式プロフィールで氏名を確認,SUPPORTED,2026-09-24,
Batch 10 Wave 2 (洛南高等学校（学校3/11）),B10W2E0032,Person,P000145,birth_date,1999-04-05,B10W2S0007,基本情報 > 生年月日,B.LEAGUE公式プロフィールで生年月日を確認,SUPPORTED,2026-09-24,
Batch 10 Wave 2 (洛南高等学校（学校3/11）),B10W2E0033,Career,C000490,organization_id,ORG000119,B10W2S0001,TagID=35（洛南高等学校）掲載選手一覧,B.LEAGUE公式の出身校タグ一覧に掲載,SUPPORTED,2026-09-24,
Batch 10 Wave 2 (洛南高等学校（学校3/11）),B10W2E0034,Career,C000491,organization_id,ORG000187,B10W2S0001,選手カード > 出身校：ブルーフィールド州立大学,B.LEAGUE公式の出身校タグ一覧の選手カードで出身大学（米国）を確認,SUPPORTED,2026-09-24,
Batch 10 Wave 2 (洛南高等学校（学校3/11）),B10W2E0035,Career,C000492,organization_id,ORG000090,B10W2S0007,クラブ経歴 > 「2025-26：横浜エクセレンス」（前は2023-24島根）,B.LEAGUE公式のクラブ所属履歴で現所属クラブを確認,SUPPORTED,2026-09-24,B.LEAGUE公式のクラブ所属履歴には2024-25シーズンの記載がなく、2023-24（島根）と2025-26（横浜エクセレンス）の間にデータの欠落がある可能性がある。start=2025は取得できたデータに基づく推定であり、2024-25シーズンの所属は未確認
Batch 10 Wave 3 (洛南高等学校（学校3/11）),B10W3E0001,Person,P000146,name,大庭 岳輝,B10W3S0002,基本情報 > 選手名,B.LEAGUE公式プロフィールで氏名を確認,SUPPORTED,2026-09-24,
Batch 10 Wave 3 (洛南高等学校（学校3/11）),B10W3E0002,Person,P000146,birth_date,1997-07-29,B10W3S0002,基本情報 > 生年月日,B.LEAGUE公式プロフィールで生年月日を確認,SUPPORTED,2026-09-24,
Batch 10 Wave 3 (洛南高等学校（学校3/11）),B10W3E0003,Career,C000493,organization_id,ORG000119,B10W3S0001,TagID=35（洛南高等学校）掲載選手一覧,B.LEAGUE公式の出身校タグ一覧に掲載,SUPPORTED,2026-09-24,
Batch 10 Wave 3 (洛南高等学校（学校3/11）),B10W3E0004,Career,C000494,organization_id,ORG000188,B10W3S0001,選手カード > 出身校：京都産業大学,B.LEAGUE公式の出身校タグ一覧の選手カードで出身大学を確認,SUPPORTED,2026-09-24,
Batch 10 Wave 3 (洛南高等学校（学校3/11）),B10W3E0005,Career,C000495,organization_id,ORG000190,B10W3S0002,クラブ経歴 > 「2025-26：越谷」が初出（前年まで横浜BC）,B.LEAGUE公式のクラブ所属履歴で現所属クラブを確認,SUPPORTED,2026-09-24,
Batch 10 Wave 3 (洛南高等学校（学校3/11）),B10W3E0006,Career,C000495,start,2025,B10W3S0002,クラブ経歴 > 「2025-26：越谷」が初出,B.LEAGUE公式のクラブ所属履歴で2025-26シーズンからの加入を確認,SUPPORTED,2026-09-24,
Batch 10 Wave 3 (洛南高等学校（学校3/11）),B10W3E0007,Person,P000147,name,伊藤 達哉,B10W3S0003,基本情報 > 選手名,B.LEAGUE公式プロフィールで氏名を確認,SUPPORTED,2026-09-24,
Batch 10 Wave 3 (洛南高等学校（学校3/11）),B10W3E0008,Person,P000147,birth_date,1994-11-26,B10W3S0003,基本情報 > 生年月日,B.LEAGUE公式プロフィールで生年月日を確認,SUPPORTED,2026-09-24,
Batch 10 Wave 3 (洛南高等学校（学校3/11）),B10W3E0009,Career,C000496,organization_id,ORG000119,B10W3S0001,TagID=35（洛南高等学校）掲載選手一覧,B.LEAGUE公式の出身校タグ一覧に掲載,SUPPORTED,2026-09-24,
Batch 10 Wave 3 (洛南高等学校（学校3/11）),B10W3E0010,Career,C000497,organization_id,ORG000015,B10W3S0001,選手カード > 出身校：東海大学,B.LEAGUE公式の出身校タグ一覧の選手カードで出身大学を確認,SUPPORTED,2026-09-24,
Batch 10 Wave 3 (洛南高等学校（学校3/11）),B10W3E0011,Career,C000498,organization_id,ORG000110,B10W3S0003,クラブ経歴 > 「2025-26以降：広島」（前年まで琉球）,B.LEAGUE公式のクラブ所属履歴で現所属クラブを確認,SUPPORTED,2026-09-24,
Batch 10 Wave 3 (洛南高等学校（学校3/11）),B10W3E0012,Career,C000498,start,2025,B10W3S0003,クラブ経歴 > 「2025-26：広島」が初出,B.LEAGUE公式のクラブ所属履歴で2025-26シーズンからの加入を確認,SUPPORTED,2026-09-24,
Batch 10 Wave 3 (洛南高等学校（学校3/11）),B10W3E0013,Person,P000148,name,津屋 一球,B10W3S0004,基本情報 > 選手名,B.LEAGUE公式プロフィールで氏名を確認,SUPPORTED,2026-09-24,
Batch 10 Wave 3 (洛南高等学校（学校3/11）),B10W3E0014,Person,P000148,birth_date,1998-06-07,B10W3S0004,基本情報 > 生年月日,B.LEAGUE公式プロフィールで生年月日を確認,SUPPORTED,2026-09-24,
Batch 10 Wave 3 (洛南高等学校（学校3/11）),B10W3E0015,Career,C000499,organization_id,ORG000119,B10W3S0001,TagID=35（洛南高等学校）掲載選手一覧,B.LEAGUE公式の出身校タグ一覧に掲載,SUPPORTED,2026-09-24,
Batch 10 Wave 3 (洛南高等学校（学校3/11）),B10W3E0016,Career,C000500,organization_id,ORG000015,B10W3S0001,選手カード > 出身校：東海大学,B.LEAGUE公式の出身校タグ一覧の選手カードで出身大学を確認,SUPPORTED,2026-09-24,
Batch 10 Wave 3 (洛南高等学校（学校3/11）),B10W3E0017,Career,C000501,organization_id,ORG000097,B10W3S0004,クラブ経歴 > 「2024-25：三遠」が再登場（2020-21〜2021-22も三遠、間の2022-23〜2023-24はSR渋谷）,B.LEAGUE公式のクラブ所属履歴で現所属クラブを確認,SUPPORTED,2026-09-24,2020-21〜2021-22シーズンにも一度三遠に在籍しており、2022-23〜2023-24のSR渋谷在籍を挟んだ復帰である点に留意
Batch 10 Wave 3 (洛南高等学校（学校3/11）),B10W3E0018,Career,C000501,start,2024,B10W3S0004,クラブ経歴 > 「2024-25：三遠」が再登場（今回の復帰）,B.LEAGUE公式のクラブ所属履歴で2024-25シーズンからの現在の在籍開始を確認,SUPPORTED,2026-09-24,
Batch 10 Wave 3 (洛南高等学校（学校3/11）),B10W3E0019,Person,P000149,name,小川 敦也,B10W3S0005,基本情報 > 選手名,B.LEAGUE公式プロフィールで氏名を確認,SUPPORTED,2026-09-24,
Batch 10 Wave 3 (洛南高等学校（学校3/11）),B10W3E0020,Person,P000149,birth_date,2002-06-24,B10W3S0005,基本情報 > 生年月日,B.LEAGUE公式プロフィールで生年月日を確認,SUPPORTED,2026-09-24,
Batch 10 Wave 3 (洛南高等学校（学校3/11）),B10W3E0021,Career,C000502,organization_id,ORG000119,B10W3S0001,TagID=35（洛南高等学校）掲載選手一覧,B.LEAGUE公式の出身校タグ一覧に掲載,SUPPORTED,2026-09-24,
Batch 10 Wave 3 (洛南高等学校（学校3/11）),B10W3E0022,Career,C000503,organization_id,ORG000166,B10W3S0001,選手カード > 出身校：筑波大学,B.LEAGUE公式の出身校タグ一覧の選手カードで出身大学を確認,SUPPORTED,2026-09-24,
Batch 10 Wave 3 (洛南高等学校（学校3/11）),B10W3E0023,Career,C000504,organization_id,ORG000047,B10W3S0005,クラブ経歴 > 「2022-23：宇都宮」が初出（唯一の記載）,B.LEAGUE公式のクラブ所属履歴で現所属クラブを確認,SUPPORTED,2026-09-24,
Batch 10 Wave 3 (洛南高等学校（学校3/11）),B10W3E0024,Career,C000504,start,2022,B10W3S0005,クラブ経歴 > 「2022-23：宇都宮」が初出,B.LEAGUE公式のクラブ所属履歴で2022-23シーズンからの加入（B.LEAGUEデビュー）を確認,SUPPORTED,2026-09-24,
Batch 10 Wave 3 (洛南高等学校（学校3/11）),B10W3E0025,Person,P000150,name,小林 遥太,B10W3S0006,基本情報 > 選手名,B.LEAGUE公式プロフィールで氏名を確認,SUPPORTED,2026-09-24,
Batch 10 Wave 3 (洛南高等学校（学校3/11）),B10W3E0026,Person,P000150,birth_date,1991-09-12,B10W3S0006,基本情報 > 生年月日,B.LEAGUE公式プロフィールで生年月日を確認,SUPPORTED,2026-09-24,
Batch 10 Wave 3 (洛南高等学校（学校3/11）),B10W3E0027,Career,C000505,organization_id,ORG000119,B10W3S0001,TagID=35（洛南高等学校）掲載選手一覧,B.LEAGUE公式の出身校タグ一覧に掲載,SUPPORTED,2026-09-24,
Batch 10 Wave 3 (洛南高等学校（学校3/11）),B10W3E0028,Career,C000506,organization_id,ORG000030,B10W3S0001,選手カード > 出身校：青山学院大学,B.LEAGUE公式の出身校タグ一覧の選手カードで出身大学を確認,SUPPORTED,2026-09-24,
Batch 10 Wave 3 (洛南高等学校（学校3/11）),B10W3E0029,Career,C000507,organization_id,ORG000040,B10W3S0006,クラブ経歴 > 「2026-27：福岡」が初出（唯一の記載、前年まで奈良）,B.LEAGUE公式のクラブ所属履歴で現所属クラブを確認,SUPPORTED,2026-09-24,
Batch 10 Wave 3 (洛南高等学校（学校3/11）),B10W3E0030,Career,C000507,start,2026,B10W3S0006,クラブ経歴 > 「2026-27：福岡」が初出,B.LEAGUE公式のクラブ所属履歴で2026-27シーズンからの加入を確認,SUPPORTED,2026-09-24,
Batch 10 Wave 3 (洛南高等学校（学校3/11）),B10W3E0031,Person,P000151,name,伊藤 良太,B10W3S0007,基本情報 > 選手名,B.LEAGUE公式プロフィールで氏名を確認,SUPPORTED,2026-09-24,
Batch 10 Wave 3 (洛南高等学校（学校3/11）),B10W3E0032,Person,P000151,birth_date,1992-07-23,B10W3S0007,基本情報 > 生年月日,B.LEAGUE公式プロフィールで生年月日を確認,SUPPORTED,2026-09-24,
Batch 10 Wave 3 (洛南高等学校（学校3/11）),B10W3E0033,Career,C000508,organization_id,ORG000119,B10W3S0001,TagID=35（洛南高等学校）掲載選手一覧,B.LEAGUE公式の出身校タグ一覧に掲載,SUPPORTED,2026-09-24,
Batch 10 Wave 3 (洛南高等学校（学校3/11）),B10W3E0034,Career,C000509,organization_id,ORG000185,B10W3S0001,選手カード > 出身校：慶應義塾大学,B.LEAGUE公式の出身校タグ一覧の選手カードで出身大学を確認,SUPPORTED,2026-09-24,
Batch 10 Wave 3 (洛南高等学校（学校3/11）),B10W3E0035,Career,C000510,organization_id,ORG000050,B10W3S0007,クラブ経歴 > 「2026-27：湘南」が初出（唯一の記載、前年は愛媛）,B.LEAGUE公式のクラブ所属履歴で現所属クラブを確認,SUPPORTED,2026-09-24,
Batch 10 Wave 3 (洛南高等学校（学校3/11）),B10W3E0036,Career,C000510,start,2026,B10W3S0007,クラブ経歴 > 「2026-27：湘南」が初出,B.LEAGUE公式のクラブ所属履歴で2026-27シーズンからの加入を確認,SUPPORTED,2026-09-24,
Batch 10 Wave 4 (洛南高等学校（学校3/11）),B10W4E0001,Person,P000152,name,大西 一輝,B10W4S0002,基本情報 > 氏名,ヴィアティン三重公式サイトで氏名を確認,SUPPORTED,2026-09-24,
Batch 10 Wave 4 (洛南高等学校（学校3/11）),B10W4E0002,Person,P000152,name,大西一輝（おおにし いつき）,B10W4S0004,基本情報,ファンサイトで氏名・読みを確認（同姓同名の環太平洋大学の別選手との混同でないことを、生年月日の一致で確認）,SUPPORTED,2026-09-24,
Batch 10 Wave 4 (洛南高等学校（学校3/11）),B10W4E0003,Person,P000152,birth_date,2003-10-25,B10W4S0002,基本情報 > 生年月日,ヴィアティン三重公式サイトで生年月日を確認,SUPPORTED,2026-09-24,
Batch 10 Wave 4 (洛南高等学校（学校3/11）),B10W4E0004,Person,P000152,birth_date,2003年10月25日,B10W4S0004,基本情報,ファンサイトでも同一の生年月日を確認（クラブ公式との一致で同一人物と確認）,SUPPORTED,2026-09-24,
Batch 10 Wave 4 (洛南高等学校（学校3/11）),B10W4E0005,Career,C000511,organization_id,ORG000119,B10W4S0001,洛南高等学校タグ一覧内の選手カード,B.LEAGUE公式の出身校タグ一覧（TagID=35:洛南高等学校）に掲載されていることで在籍を確認,SUPPORTED,2026-09-24,
Batch 10 Wave 4 (洛南高等学校（学校3/11）),B10W4E0006,Career,C000511,organization_id,ORG000119,B10W4S0004,経歴 > 高校,ファンサイトで洛南高等学校在籍（3年時にチームの中心選手に成長）を確認,SUPPORTED,2026-09-24,
Batch 10 Wave 4 (洛南高等学校（学校3/11）),B10W4E0007,Career,C000512,organization_id,ORG000189,B10W4S0002,基本情報 > 出身大学,ヴィアティン三重公式サイトで中京大学出身であることを確認,SUPPORTED,2026-09-24,
Batch 10 Wave 4 (洛南高等学校（学校3/11）),B10W4E0008,Career,C000512,organization_id,ORG000189,B10W4S0004,経歴 > 大学,ファンサイトで中京大学イーグルスでのプレー歴を確認,SUPPORTED,2026-09-24,
Batch 10 Wave 4 (洛南高等学校（学校3/11）),B10W4E0009,Career,C000513,organization_id,ORG000191,B10W4S0002,基本情報 > 現所属,ヴィアティン三重公式サイト自身のロスターに背番号11として掲載されていることで現所属を確認,SUPPORTED,2026-09-24,
Batch 10 Wave 4 (洛南高等学校（学校3/11）),B10W4E0010,Career,C000513,organization_id,ORG000191,B10W4S0003,選手一覧ロスター,ヴィアティン三重公式選手一覧ページにも掲載されていることを重ねて確認,SUPPORTED,2026-09-24,
Batch 11 Wave 1 (開志国際高等学校（学校4/11）),B11W1E0001,Person,P000153,name,介川 アンソニー翔,B11W1S0002,基本情報 > 選手名,B.LEAGUE公式プロフィールで氏名を確認,SUPPORTED,2026-09-24,
Batch 11 Wave 1 (開志国際高等学校（学校4/11）),B11W1E0002,Person,P000153,birth_date,2004-03-30,B11W1S0002,基本情報 > 生年月日,B.LEAGUE公式プロフィールで生年月日を確認,SUPPORTED,2026-09-24,
Batch 11 Wave 1 (開志国際高等学校（学校4/11）),B11W1E0003,Career,C000514,organization_id,ORG000192,B11W1S0001,TagID=35（開志国際高等学校）掲載選手一覧,B.LEAGUE公式の出身校タグ一覧に掲載,SUPPORTED,2026-09-24,
Batch 11 Wave 1 (開志国際高等学校（学校4/11）),B11W1E0004,Career,C000515,organization_id,ORG000018,B11W1S0002,基本情報 > 出身校：専修大学,B.LEAGUE公式プロフィールで出身大学を確認,SUPPORTED,2026-09-24,
Batch 11 Wave 1 (開志国際高等学校（学校4/11）),B11W1E0005,Career,C000516,organization_id,ORG000155,B11W1S0002,クラブ経歴 > 「2024-25：島根」が初出（唯一の在籍クラブ）,B.LEAGUE公式のクラブ所属履歴で現所属クラブを確認,SUPPORTED,2026-09-24,
Batch 11 Wave 1 (開志国際高等学校（学校4/11）),B11W1E0006,Career,C000516,start,2024,B11W1S0002,クラブ経歴 > 「2024-25：島根」が初出,B.LEAGUE公式のクラブ所属履歴で2024-25シーズンからの加入（B.LEAGUEデビュー）を確認,SUPPORTED,2026-09-24,
Batch 11 Wave 1 (開志国際高等学校（学校4/11）),B11W1E0007,Person,P000154,name,小栗 瑛哉,B11W1S0003,基本情報 > 選手名,B.LEAGUE公式プロフィールで氏名を確認,SUPPORTED,2026-09-24,
Batch 11 Wave 1 (開志国際高等学校（学校4/11）),B11W1E0008,Person,P000154,birth_date,2001-03-01,B11W1S0003,基本情報 > 生年月日,B.LEAGUE公式プロフィールで生年月日を確認,SUPPORTED,2026-09-24,
Batch 11 Wave 1 (開志国際高等学校（学校4/11）),B11W1E0009,Career,C000517,organization_id,ORG000192,B11W1S0001,TagID=35（開志国際高等学校）掲載選手一覧,B.LEAGUE公式の出身校タグ一覧に掲載,SUPPORTED,2026-09-24,
Batch 11 Wave 1 (開志国際高等学校（学校4/11）),B11W1E0010,Career,C000518,organization_id,ORG000193,B11W1S0003,基本情報 > 出身校：大阪産業大学,B.LEAGUE公式プロフィールで出身大学を確認,SUPPORTED,2026-09-24,
Batch 11 Wave 1 (開志国際高等学校（学校4/11）),B11W1E0011,Career,C000519,organization_id,ORG000150,B11W1S0003,クラブ経歴 > 「2025-26：信州」が初出,B.LEAGUE公式のクラブ所属履歴で現所属クラブを確認,SUPPORTED,2026-09-24,それ以前（2022-23〜2024-25）の金沢・秋田在籍は今回のWaveでは対象外。詳細はissue B11W1I0004を参照
Batch 11 Wave 1 (開志国際高等学校（学校4/11）),B11W1E0012,Career,C000519,start,2025,B11W1S0003,クラブ経歴 > 「2025-26：信州」が初出,B.LEAGUE公式のクラブ所属履歴で2025-26シーズンからの加入を確認,SUPPORTED,2026-09-24,
Batch 11 Wave 1 (開志国際高等学校（学校4/11）),B11W1E0013,Person,P000155,name,平良 宗龍,B11W1S0004,基本情報 > 選手名,B.LEAGUE公式プロフィールで氏名を確認,SUPPORTED,2026-09-24,
Batch 11 Wave 1 (開志国際高等学校（学校4/11）),B11W1E0014,Person,P000155,birth_date,2006-05-26,B11W1S0004,基本情報 > 生年月日,B.LEAGUE公式プロフィールで生年月日を確認,SUPPORTED,2026-09-24,
Batch 11 Wave 1 (開志国際高等学校（学校4/11）),B11W1E0015,Career,C000520,organization_id,ORG000192,B11W1S0001,TagID=35（開志国際高等学校）掲載選手一覧,B.LEAGUE公式の出身校タグ一覧に掲載,SUPPORTED,2026-09-24,
Batch 11 Wave 1 (開志国際高等学校（学校4/11）),B11W1E0016,Career,C000521,organization_id,ORG000173,B11W1S0004,クラブ経歴 > 「2025-26：岩手」が初出（唯一の現在の在籍クラブ）,B.LEAGUE公式のクラブ所属履歴で現所属クラブを確認,SUPPORTED,2026-09-24,2022-23シーズンに琉球ゴールデンキングスで練習生として1試合出場の記録があるが、今回のWaveでは現所属クラブのみを対象とした。詳細はissue B11W1I0005を参照
Batch 11 Wave 1 (開志国際高等学校（学校4/11）),B11W1E0017,Career,C000521,start,2025,B11W1S0004,クラブ経歴 > 「2025-26：岩手」が初出,B.LEAGUE公式のクラブ所属履歴で2025-26シーズンからの加入を確認,SUPPORTED,2026-09-24,
Batch 12 Wave 1 (延岡学園高等学校（学校5/11）),B12W1E0001,Person,P000156,name,榎田 拓真,B12W1S0002,基本情報 > 選手名,B.LEAGUE公式プロフィールで氏名を確認,SUPPORTED,2026-09-24,
Batch 12 Wave 1 (延岡学園高等学校（学校5/11）),B12W1E0002,Person,P000156,birth_date,1998-05-22,B12W1S0002,基本情報 > 生年月日,B.LEAGUE公式プロフィールで生年月日を確認,SUPPORTED,2026-09-24,
Batch 12 Wave 1 (延岡学園高等学校（学校5/11）),B12W1E0003,Career,C000522,organization_id,ORG000194,B12W1S0001,TagID=35（延岡学園高等学校）掲載選手一覧 > 出身高校：延岡学園高等学校,B.LEAGUE公式の出身校タグ一覧に掲載,SUPPORTED,2026-09-24,
Batch 12 Wave 1 (延岡学園高等学校（学校5/11）),B12W1E0004,Career,C000523,organization_id,ORG000148,B12W1S0002,基本情報 > 出身校：近畿大学,B.LEAGUE公式プロフィールで出身大学を確認,SUPPORTED,2026-09-24,
Batch 12 Wave 1 (延岡学園高等学校（学校5/11）),B12W1E0005,Career,C000524,organization_id,ORG000100,B12W1S0002,クラブ経歴 > 「2026-27：山口」が最新,B.LEAGUE公式のクラブ所属履歴で現所属クラブを確認,SUPPORTED,2026-09-24,それ以前（2022-23〜2024-25）の長崎・越谷在籍、および2025-26の空白シーズンは今回のWaveでは対象外。詳細はissue B12W1I0003を参照
Batch 12 Wave 1 (延岡学園高等学校（学校5/11）),B12W1E0006,Career,C000524,start,2026,B12W1S0002,クラブ経歴 > 「2026-27：山口」が最新,B.LEAGUE公式のクラブ所属履歴で2026-27シーズンからの加入を確認,SUPPORTED,2026-09-24,
Batch 13 Wave 1 (東山高等学校（学校6/11）),B13W1E0001,Person,P000157,name,藤澤 尚之,B13W1S0002,基本情報 > 選手名,B.LEAGUE公式プロフィールで氏名を確認,SUPPORTED,2026-09-24,
Batch 13 Wave 1 (東山高等学校（学校6/11）),B13W1E0002,Person,P000157,birth_date,1998-06-19,B13W1S0002,基本情報 > 生年月日,B.LEAGUE公式プロフィールで生年月日を確認,SUPPORTED,2026-09-24,
Batch 13 Wave 1 (東山高等学校（学校6/11）),B13W1E0003,Career,C000525,organization_id,ORG000195,B13W1S0002,基本情報 > 出身校（高）：東山高等学校,B.LEAGUE公式プロフィールで出身高校を確認,SUPPORTED,2026-09-24,
Batch 13 Wave 1 (東山高等学校（学校6/11）),B13W1E0004,Career,C000526,organization_id,ORG000168,B13W1S0002,基本情報 > 出身校（大）：天理大学,B.LEAGUE公式プロフィールで出身大学を確認,SUPPORTED,2026-09-24,
Batch 13 Wave 1 (東山高等学校（学校6/11）),B13W1E0005,Career,C000527,organization_id,ORG000067,B13W1S0002,クラブ経歴 > 「2026-27：熊本」が最新,B.LEAGUE公式のクラブ所属履歴で現所属クラブを確認,SUPPORTED,2026-09-24,福井（2024-25・2025-26）、奈良（2022-23）、旧熊本在籍（2020-21・2021-22）、および2023-24の記載空白は今回のWaveでは対象外。詳細はissue B13W1I0003を参照
Batch 13 Wave 1 (東山高等学校（学校6/11）),B13W1E0006,Career,C000527,start,2026,B13W1S0002,クラブ経歴 > 「2026-27：熊本」が最新,B.LEAGUE公式のクラブ所属履歴で熊本への復帰（2026-27シーズン）を確認,SUPPORTED,2026-09-24,
Batch 13 Wave 1 (東山高等学校（学校6/11）),B13W1E0007,Person,P000158,name,瀬川 琉久,B13W1S0003,基本情報 > 選手名,B.LEAGUE公式プロフィールで氏名を確認,SUPPORTED,2026-09-24,
Batch 13 Wave 1 (東山高等学校（学校6/11）),B13W1E0008,Person,P000158,birth_date,2006-08-14,B13W1S0003,基本情報 > 生年月日,B.LEAGUE公式プロフィールで生年月日を確認,SUPPORTED,2026-09-24,
Batch 13 Wave 1 (東山高等学校（学校6/11）),B13W1E0009,Career,C000528,organization_id,ORG000195,B13W1S0003,基本情報 > 出身校（高）：東山高等学校,B.LEAGUE公式プロフィールで出身高校を確認,SUPPORTED,2026-09-24,
Batch 13 Wave 1 (東山高等学校（学校6/11）),B13W1E0010,Career,C000529,organization_id,ORG000118,B13W1S0003,クラブ経歴 > 「2024-25：千葉J」が初出（唯一の在籍クラブ）,B.LEAGUE公式のクラブ所属履歴で現所属クラブを確認,SUPPORTED,2026-09-24,
Batch 13 Wave 1 (東山高等学校（学校6/11）),B13W1E0011,Career,C000529,start,2024,B13W1S0003,クラブ経歴 > 「2024-25：千葉J」が初出,B.LEAGUE公式のクラブ所属履歴で2024-25シーズンからの加入（B.LEAGUEデビュー）を確認,SUPPORTED,2026-09-24,
Batch 13 Wave 1 (東山高等学校（学校6/11）),B13W1E0012,Person,P000159,name,堀 陽稀,B13W1S0004,基本情報 > 選手名,B.LEAGUE公式プロフィールで氏名を確認,SUPPORTED,2026-09-24,
Batch 13 Wave 1 (東山高等学校（学校6/11）),B13W1E0013,Person,P000159,birth_date,2003-05-13,B13W1S0004,基本情報 > 生年月日,B.LEAGUE公式プロフィールで生年月日を確認,SUPPORTED,2026-09-24,
Batch 13 Wave 1 (東山高等学校（学校6/11）),B13W1E0014,Career,C000530,organization_id,ORG000195,B13W1S0004,基本情報 > 出身校（高）：東山高等学校,B.LEAGUE公式プロフィールで出身高校を確認,SUPPORTED,2026-09-24,
Batch 13 Wave 1 (東山高等学校（学校6/11）),B13W1E0015,Career,C000531,organization_id,ORG000136,B13W1S0004,基本情報 > 出身校（大）：早稲田大学,B.LEAGUE公式プロフィールで出身大学を確認,SUPPORTED,2026-09-24,
Batch 13 Wave 1 (東山高等学校（学校6/11）),B13W1E0016,Career,C000532,organization_id,ORG000190,B13W1S0004,クラブ経歴 > 「2025-26：越谷」が初出（唯一の在籍クラブ）,B.LEAGUE公式のクラブ所属履歴で現所属クラブを確認,SUPPORTED,2026-09-24,
Batch 13 Wave 1 (東山高等学校（学校6/11）),B13W1E0017,Career,C000532,start,2025,B13W1S0004,クラブ経歴 > 「2025-26：越谷」が初出,B.LEAGUE公式のクラブ所属履歴で2025-26シーズンからの加入（B.LEAGUEデビュー）を確認,SUPPORTED,2026-09-24,
Batch 13 Wave 1 (東山高等学校（学校6/11）),B13W1E0018,Person,P000160,name,米須 玲音,B13W1S0005,基本情報 > 選手名,B.LEAGUE公式プロフィールで氏名を確認,SUPPORTED,2026-09-24,
Batch 13 Wave 1 (東山高等学校（学校6/11）),B13W1E0019,Person,P000160,birth_date,2003-01-14,B13W1S0005,基本情報 > 生年月日,B.LEAGUE公式プロフィールで生年月日を確認,SUPPORTED,2026-09-24,
Batch 13 Wave 1 (東山高等学校（学校6/11）),B13W1E0020,Career,C000533,organization_id,ORG000195,B13W1S0005,基本情報 > 出身校（高）：東山高等学校,B.LEAGUE公式プロフィールで出身高校を確認,SUPPORTED,2026-09-24,
Batch 13 Wave 1 (東山高等学校（学校6/11）),B13W1E0021,Career,C000534,organization_id,ORG000121,B13W1S0005,基本情報 > 出身校（大）：日本大学,B.LEAGUE公式プロフィールで出身大学を確認,SUPPORTED,2026-09-24,
Batch 13 Wave 1 (東山高等学校（学校6/11）),B13W1E0022,Career,C000535,organization_id,ORG000122,B13W1S0005,クラブ経歴 > 一貫して「川崎」、現在は「2024-25」以降継続,B.LEAGUE公式のクラブ所属履歴で現所属クラブを確認,SUPPORTED,2026-09-24,2020-21・2021-22シーズンの川崎在籍（高校在学中とみられる時期）と、2022-23・2023-24シーズンの記載空白（大学在学期間とみられる）は今回のWaveでは対象外。詳細はissue B13W1I0004を参照
Batch 13 Wave 1 (東山高等学校（学校6/11）),B13W1E0023,Career,C000535,start,2024,B13W1S0005,クラブ経歴 > 「2024-25：川崎」が現在の連続在籍の起点,B.LEAGUE公式のクラブ所属履歴で2024-25シーズンからの現在の連続在籍開始を確認,SUPPORTED,2026-09-24,
Batch 13 Wave 2 (東山高等学校（学校6/11）),B13W2E0001,Person,P000161,name,岡田 侑大,B13W2S0001,基本情報 > 選手名,B.LEAGUE公式プロフィールで氏名を確認,SUPPORTED,2026-09-24,
Batch 13 Wave 2 (東山高等学校（学校6/11）),B13W2E0002,Person,P000161,birth_date,1998-06-10,B13W2S0001,基本情報 > 生年月日,B.LEAGUE公式プロフィールで生年月日を確認,SUPPORTED,2026-09-24,
Batch 13 Wave 2 (東山高等学校（学校6/11）),B13W2E0003,Career,C000536,organization_id,ORG000195,B13W2S0001,基本情報 > 出身校（高）：東山高等学校,B.LEAGUE公式プロフィールで出身高校を確認,SUPPORTED,2026-09-24,
Batch 13 Wave 2 (東山高等学校（学校6/11）),B13W2E0004,Career,C000537,organization_id,ORG000031,B13W2S0001,基本情報 > 出身校（大）：拓殖大学,B.LEAGUE公式プロフィールで出身大学を確認,SUPPORTED,2026-09-24,
Batch 13 Wave 2 (東山高等学校（学校6/11）),B13W2E0005,Career,C000538,organization_id,ORG000155,B13W2S0001,クラブ経歴 > 「2025-26：島根」が最新,B.LEAGUE公式のクラブ所属履歴で現所属クラブを確認,SUPPORTED,2026-09-24,三河（2018-19・2019-20）、富山（2020-21）、信州（2021-22・2022-23）、旧京都在籍（2023-24・2024-25）は今回のWaveでは対象外。詳細はissue B13W2I0003を参照
Batch 13 Wave 2 (東山高等学校（学校6/11）),B13W2E0006,Career,C000538,start,2025,B13W2S0001,クラブ経歴 > 「2025-26：島根」が最新,B.LEAGUE公式のクラブ所属履歴で2025-26シーズンからの加入を確認,SUPPORTED,2026-09-24,
Batch 13 Wave 2 (東山高等学校（学校6/11）),B13W2E0007,Person,P000162,name,堀田 尚秀,B13W2S0002,基本情報 > 選手名,B.LEAGUE公式プロフィールで氏名を確認,SUPPORTED,2026-09-24,
Batch 13 Wave 2 (東山高等学校（学校6/11）),B13W2E0008,Person,P000162,birth_date,2003-07-31,B13W2S0002,基本情報 > 生年月日,B.LEAGUE公式プロフィールで生年月日を確認,SUPPORTED,2026-09-24,
Batch 13 Wave 2 (東山高等学校（学校6/11）),B13W2E0009,Career,C000539,organization_id,ORG000195,B13W2S0002,基本情報 > 出身校（高）：東山高等学校,B.LEAGUE公式プロフィールで出身高校を確認,SUPPORTED,2026-09-24,
Batch 13 Wave 2 (東山高等学校（学校6/11）),B13W2E0010,Career,C000540,organization_id,ORG000136,B13W2S0002,基本情報 > 出身校（大）：早稲田大学,B.LEAGUE公式プロフィールで出身大学を確認,SUPPORTED,2026-09-24,
Batch 13 Wave 2 (東山高等学校（学校6/11）),B13W2E0011,Career,C000541,organization_id,ORG000137,B13W2S0002,クラブ経歴 > 「2025-26：秋田」が初出（唯一の在籍クラブ）,B.LEAGUE公式のクラブ所属履歴で現所属クラブを確認,SUPPORTED,2026-09-24,
Batch 13 Wave 2 (東山高等学校（学校6/11）),B13W2E0012,Career,C000541,start,2025,B13W2S0002,クラブ経歴 > 「2025-26：秋田」が初出,B.LEAGUE公式のクラブ所属履歴で2025-26シーズンからの加入（B.LEAGUEデビュー）を確認,SUPPORTED,2026-09-24,
Batch 13 Wave 2 (東山高等学校（学校6/11）),B13W2E0013,Person,P000163,name,西部 秀馬,B13W2S0003,基本情報 > 選手名,B.LEAGUE公式プロフィールで氏名を確認,SUPPORTED,2026-09-24,
Batch 13 Wave 2 (東山高等学校（学校6/11）),B13W2E0014,Person,P000163,birth_date,2003-05-20,B13W2S0003,基本情報 > 生年月日,B.LEAGUE公式プロフィールで生年月日を確認,SUPPORTED,2026-09-24,
Batch 13 Wave 2 (東山高等学校（学校6/11）),B13W2E0015,Career,C000542,organization_id,ORG000195,B13W2S0003,基本情報 > 出身校（高）：東山高等学校,B.LEAGUE公式プロフィールで出身高校を確認,SUPPORTED,2026-09-24,
Batch 13 Wave 2 (東山高等学校（学校6/11）),B13W2E0016,Career,C000543,organization_id,ORG000020,B13W2S0003,基本情報 > 出身校（大）：日本体育大学,B.LEAGUE公式プロフィールで出身大学を確認,SUPPORTED,2026-09-24,
Batch 13 Wave 2 (東山高等学校（学校6/11）),B13W2E0017,Career,C000544,organization_id,ORG000042,B13W2S0003,クラブ経歴 > 「2025-26：京都」が初出（唯一の在籍クラブ）,B.LEAGUE公式のクラブ所属履歴で現所属クラブを確認,SUPPORTED,2026-09-24,
Batch 13 Wave 2 (東山高等学校（学校6/11）),B13W2E0018,Career,C000544,start,2025,B13W2S0003,クラブ経歴 > 「2025-26：京都」が初出,B.LEAGUE公式のクラブ所属履歴で2025-26シーズンからの加入（B.LEAGUEデビュー）を確認,SUPPORTED,2026-09-24,
Batch 13 Wave 2 (東山高等学校（学校6/11）),B13W2E0019,Person,P000164,name,川嶋 勇人,B13W2S0004,基本情報 > 選手名,B.LEAGUE公式プロフィールで氏名を確認,SUPPORTED,2026-09-24,
Batch 13 Wave 2 (東山高等学校（学校6/11）),B13W2E0020,Person,P000164,birth_date,1990-05-15,B13W2S0004,基本情報 > 生年月日,B.LEAGUE公式プロフィールで生年月日を確認,SUPPORTED,2026-09-24,
Batch 13 Wave 2 (東山高等学校（学校6/11）),B13W2E0021,Career,C000545,organization_id,ORG000195,B13W2S0004,基本情報 > 出身校（高）：東山高等学校,B.LEAGUE公式プロフィールで出身高校を確認,SUPPORTED,2026-09-24,
Batch 13 Wave 2 (東山高等学校（学校6/11）),B13W2E0022,Career,C000546,organization_id,ORG000196,B13W2S0004,基本情報 > 出身校（大）：関西学院大学,B.LEAGUE公式プロフィールで出身大学を確認,SUPPORTED,2026-09-24,
Batch 13 Wave 2 (東山高等学校（学校6/11）),B13W2E0023,Career,C000547,organization_id,ORG000042,B13W2S0004,クラブ経歴 > 「2024-25：京都」以降継続、2016-17に同クラブでのルーキーシーズンあり,B.LEAGUE公式のクラブ所属履歴で現所属クラブへの復帰を確認,SUPPORTED,2026-09-24,三遠（2017-18〜2020-21）、秋田（2021-22・2022-23）、FE名古屋（2023-24）在籍、および2016-17の京都での最初の在籍は今回のWaveでは対象外。詳細はissue B13W2I0004を参照
Batch 13 Wave 2 (東山高等学校（学校6/11）),B13W2E0024,Career,C000547,start,2024,B13W2S0004,クラブ経歴 > 「2024-25：京都」が復帰後の初出,B.LEAGUE公式のクラブ所属履歴で2024-25シーズンからの京都復帰を確認,SUPPORTED,2026-09-24,
Batch 14 Wave 1 (北陸高等学校（学校7/11）),B14W1E0001,Person,P000165,name,高島 紳司,B14W1S0002,基本情報 > 選手名,B.LEAGUE公式プロフィールで氏名を確認,SUPPORTED,2026-09-24,
Batch 14 Wave 1 (北陸高等学校（学校7/11）),B14W1E0002,Person,P000165,birth_date,2000-10-13,B14W1S0002,基本情報 > 生年月日,B.LEAGUE公式プロフィールで生年月日を確認,SUPPORTED,2026-09-24,
Batch 14 Wave 1 (北陸高等学校（学校7/11）),B14W1E0003,Career,C000548,organization_id,ORG000120,B14W1S0002,基本情報 > 出身校（高）：北陸高等学校,B.LEAGUE公式プロフィールで出身高校を確認,SUPPORTED,2026-09-24,
Batch 14 Wave 1 (北陸高等学校（学校7/11）),B14W1E0004,Career,C000549,organization_id,ORG000128,B14W1S0002,基本情報 > 出身校（大）：大東文化大学,B.LEAGUE公式プロフィールで出身大学を確認,SUPPORTED,2026-09-24,
Batch 14 Wave 1 (北陸高等学校（学校7/11）),B14W1E0005,Career,C000550,organization_id,ORG000047,B14W1S0002,クラブ経歴 > 「2022-23：宇都宮」以降継続,B.LEAGUE公式のクラブ所属履歴で現所属クラブを確認,SUPPORTED,2026-09-24,それ以前（2020-21・2021-22）の大阪在籍は今回のWaveでは対象外。詳細はissue B14W1I0003を参照
Batch 14 Wave 1 (北陸高等学校（学校7/11）),B14W1E0006,Career,C000550,start,2022,B14W1S0002,クラブ経歴 > 「2022-23：宇都宮」が初出,B.LEAGUE公式のクラブ所属履歴で2022-23シーズンからの加入を確認,SUPPORTED,2026-09-24,
Batch 14 Wave 1 (北陸高等学校（学校7/11）),B14W1E0007,Person,P000166,name,野本 建吾,B14W1S0003,基本情報 > 選手名,B.LEAGUE公式プロフィールで氏名を確認,SUPPORTED,2026-09-24,
Batch 14 Wave 1 (北陸高等学校（学校7/11）),B14W1E0008,Person,P000166,birth_date,1992-04-25,B14W1S0003,基本情報 > 生年月日,B.LEAGUE公式プロフィールで生年月日を確認,SUPPORTED,2026-09-24,
Batch 14 Wave 1 (北陸高等学校（学校7/11）),B14W1E0009,Career,C000551,organization_id,ORG000120,B14W1S0003,基本情報 > 出身校（高）：北陸高等学校,B.LEAGUE公式プロフィールで出身高校を確認,SUPPORTED,2026-09-24,
Batch 14 Wave 1 (北陸高等学校（学校7/11）),B14W1E0010,Career,C000552,organization_id,ORG000030,B14W1S0003,基本情報 > 出身校（大）：青山学院大学,B.LEAGUE公式プロフィールで出身大学を確認,SUPPORTED,2026-09-24,
Batch 14 Wave 1 (北陸高等学校（学校7/11）),B14W1E0011,Career,C000553,organization_id,ORG000122,B14W1S0003,クラブ経歴 > 「2025-26：川崎」が復帰後の初出,B.LEAGUE公式のクラブ所属履歴で現所属クラブへの復帰を確認,SUPPORTED,2026-09-24,旧川崎在籍（2016-17・2017-18）、秋田（2018-19〜2020-21）、群馬（2021-22〜2024-25）在籍は今回のWaveでは対象外。詳細はissue B14W1I0004を参照
Batch 14 Wave 1 (北陸高等学校（学校7/11）),B14W1E0012,Career,C000553,start,2025,B14W1S0003,クラブ経歴 > 「2025-26：川崎」が復帰後の初出,B.LEAGUE公式のクラブ所属履歴で2025-26シーズンからの川崎復帰を確認,SUPPORTED,2026-09-24,
Batch 14 Wave 1 (北陸高等学校（学校7/11）),B14W1E0013,Person,P000167,name,大﨑 翔太,B14W1S0004,基本情報 > 選手名,B.LEAGUE公式プロフィールで氏名を確認,SUPPORTED,2026-09-24,
Batch 14 Wave 1 (北陸高等学校（学校7/11）),B14W1E0014,Person,P000167,birth_date,1998-01-23,B14W1S0004,基本情報 > 生年月日,B.LEAGUE公式プロフィールで生年月日を確認,SUPPORTED,2026-09-24,
Batch 14 Wave 1 (北陸高等学校（学校7/11）),B14W1E0015,Career,C000554,organization_id,ORG000120,B14W1S0004,基本情報 > 出身校（高）：北陸高等学校,B.LEAGUE公式プロフィールで出身高校を確認,SUPPORTED,2026-09-24,
Batch 14 Wave 1 (北陸高等学校（学校7/11）),B14W1E0016,Career,C000555,organization_id,ORG000016,B14W1S0004,基本情報 > 出身校（大）：中央大学,B.LEAGUE公式プロフィールで出身大学を確認,SUPPORTED,2026-09-24,
Batch 14 Wave 1 (北陸高等学校（学校7/11）),B14W1E0017,Career,C000556,organization_id,ORG000115,B14W1S0004,クラブ経歴 > 「2025-26：立川」以降継続,B.LEAGUE公式のクラブ所属履歴で現所属クラブを確認,SUPPORTED,2026-09-24,島根（2019-20）、愛媛（2020-21）、横浜エクセレンス（2021-22・2022-23）、岩手（2023-24）、徳島（2024-25）在籍は今回のWaveでは対象外。詳細はissue B14W1I0005を参照
Batch 14 Wave 1 (北陸高等学校（学校7/11）),B14W1E0018,Career,C000556,start,2025,B14W1S0004,クラブ経歴 > 「2025-26：立川」が初出,B.LEAGUE公式のクラブ所属履歴で2025-26シーズンからの加入を確認,SUPPORTED,2026-09-24,
Batch 14 Wave 1 (北陸高等学校（学校7/11）),B14W1E0019,Person,P000168,name,多嶋 朝飛,B14W1S0005,基本情報 > 選手名,B.LEAGUE公式プロフィールで氏名を確認,SUPPORTED,2026-09-24,
Batch 14 Wave 1 (北陸高等学校（学校7/11）),B14W1E0020,Person,P000168,birth_date,1988-10-08,B14W1S0005,基本情報 > 生年月日,B.LEAGUE公式プロフィールで生年月日を確認,SUPPORTED,2026-09-24,
Batch 14 Wave 1 (北陸高等学校（学校7/11）),B14W1E0021,Career,C000557,organization_id,ORG000120,B14W1S0005,基本情報 > 出身校（高）：北陸高等学校,B.LEAGUE公式プロフィールで出身高校を確認,SUPPORTED,2026-09-24,
Batch 14 Wave 1 (北陸高等学校（学校7/11）),B14W1E0022,Career,C000558,organization_id,ORG000015,B14W1S0005,基本情報 > 出身校（大）：東海大学,B.LEAGUE公式プロフィールで出身大学を確認,SUPPORTED,2026-09-24,
Batch 14 Wave 1 (北陸高等学校（学校7/11）),B14W1E0023,Career,C000559,organization_id,ORG000183,B14W1S0005,クラブ経歴 > 「2025-26：埼玉」以降継続,B.LEAGUE公式のクラブ所属履歴で現所属クラブを確認,SUPPORTED,2026-09-24,北海道（2016-17〜2020-21）、茨城（2021-22・2022-23）、大阪（2023-24）、仙台（2024-25）在籍は今回のWaveでは対象外。詳細はissue B14W1I0006を参照
Batch 14 Wave 1 (北陸高等学校（学校7/11）),B14W1E0024,Career,C000559,start,2025,B14W1S0005,クラブ経歴 > 「2025-26：埼玉」が初出,B.LEAGUE公式のクラブ所属履歴で2025-26シーズンからの加入を確認,SUPPORTED,2026-09-24,
Batch 14 Wave 2 (北陸高等学校（学校7/11）),B14W2E0001,Person,P000169,name,松山 駿,B14W2S0001,基本情報 > 選手名,B.LEAGUE公式プロフィールで氏名を確認,SUPPORTED,2026-09-24,
Batch 14 Wave 2 (北陸高等学校（学校7/11）),B14W2E0002,Person,P000169,birth_date,1996-09-27,B14W2S0001,基本情報 > 生年月日,B.LEAGUE公式プロフィールで生年月日を確認,SUPPORTED,2026-09-24,
Batch 14 Wave 2 (北陸高等学校（学校7/11）),B14W2E0003,Career,C000560,organization_id,ORG000120,B14W2S0001,基本情報 > 出身校（高）：北陸高等学校,B.LEAGUE公式プロフィールで出身高校を確認,SUPPORTED,2026-09-24,
Batch 14 Wave 2 (北陸高等学校（学校7/11）),B14W2E0004,Career,C000561,organization_id,ORG000197,B14W2S0001,基本情報 > 出身校（大）：富山大学,B.LEAGUE公式プロフィールで出身大学を確認,SUPPORTED,2026-09-24,
Batch 14 Wave 2 (北陸高等学校（学校7/11）),B14W2E0005,Career,C000562,organization_id,ORG000122,B14W2S0001,クラブ経歴 > 「2026-27：川崎」が最新（新規加入）,B.LEAGUE公式のクラブ所属履歴で現所属クラブへの加入を確認,SUPPORTED,2026-09-24,富山（2018-19・2019-20）、FE名古屋（2019-20一部・2020-21）、越谷（2021-22〜2025-26）在籍は今回のWaveでは対象外。詳細はissue B14W2I0003を参照
Batch 14 Wave 2 (北陸高等学校（学校7/11）),B14W2E0006,Career,C000562,start,2026,B14W2S0001,クラブ経歴 > 「2026-27：川崎」が最新,B.LEAGUE公式のクラブ所属履歴で2026-27シーズンからの加入を確認,SUPPORTED,2026-09-24,
Batch 14 Wave 2 (北陸高等学校（学校7/11）),B14W2E0007,Person,P000170,name,松本 健児リオン,B14W2S0002,基本情報 > 選手名,B.LEAGUE公式プロフィールで氏名を確認,SUPPORTED,2026-09-24,
Batch 14 Wave 2 (北陸高等学校（学校7/11）),B14W2E0008,Person,P000170,birth_date,1994-05-30,B14W2S0002,基本情報 > 生年月日,B.LEAGUE公式プロフィールで生年月日を確認,SUPPORTED,2026-09-24,
Batch 14 Wave 2 (北陸高等学校（学校7/11）),B14W2E0009,Career,C000563,organization_id,ORG000120,B14W2S0002,基本情報 > 出身校（高）：北陸高等学校,B.LEAGUE公式プロフィールで出身高校を確認,SUPPORTED,2026-09-24,
Batch 14 Wave 2 (北陸高等学校（学校7/11）),B14W2E0010,Career,C000564,organization_id,ORG000198,B14W2S0002,基本情報 > 出身校（大）：名古屋経済大学,B.LEAGUE公式プロフィールで出身大学を確認,SUPPORTED,2026-09-24,
Batch 14 Wave 2 (北陸高等学校（学校7/11）),B14W2E0011,Career,C000565,organization_id,ORG000135,B14W2S0002,クラブ経歴 > 「2021-22：長崎」以降継続,B.LEAGUE公式のクラブ所属履歴で現所属クラブを確認,SUPPORTED,2026-09-24,西宮（2016-17、現・神戸ストークスの前身の可能性があるが未確認）、奈良（2017-18〜2019-20）在籍、および2020-21シーズンの記載空白は今回のWaveでは対象外。詳細はissue B14W2I0004を参照
Batch 14 Wave 2 (北陸高等学校（学校7/11）),B14W2E0012,Career,C000565,start,2021,B14W2S0002,クラブ経歴 > 「2021-22：長崎」が初出,B.LEAGUE公式のクラブ所属履歴で2021-22シーズンからの加入を確認,SUPPORTED,2026-09-24,
Batch 14 Wave 2 (北陸高等学校（学校7/11）),B14W2E0013,Person,P000171,name,二上 耀,B14W2S0003,基本情報 > 選手名,B.LEAGUE公式プロフィールで氏名を確認,SUPPORTED,2026-09-24,
Batch 14 Wave 2 (北陸高等学校（学校7/11）),B14W2E0014,Person,P000171,birth_date,1999-04-13,B14W2S0003,基本情報 > 生年月日,B.LEAGUE公式プロフィールで生年月日を確認,SUPPORTED,2026-09-24,
Batch 14 Wave 2 (北陸高等学校（学校7/11）),B14W2E0015,Career,C000566,organization_id,ORG000120,B14W2S0003,基本情報 > 出身校（高）：北陸高等学校,B.LEAGUE公式プロフィールで出身高校を確認,SUPPORTED,2026-09-24,
Batch 14 Wave 2 (北陸高等学校（学校7/11）),B14W2E0016,Career,C000567,organization_id,ORG000166,B14W2S0003,基本情報 > 出身校（大）：筑波大学,B.LEAGUE公式プロフィールで出身大学を確認,SUPPORTED,2026-09-24,
Batch 14 Wave 2 (北陸高等学校（学校7/11）),B14W2E0017,Career,C000568,organization_id,ORG000097,B14W2S0003,クラブ経歴 > 「2026-27：三遠」が最新（新規加入）,B.LEAGUE公式のクラブ所属履歴で現所属クラブへの加入を確認,SUPPORTED,2026-09-24,千葉ジェッツ（2021-22〜2025-26）在籍は今回のWaveでは対象外。詳細はissue B14W2I0005を参照
Batch 14 Wave 2 (北陸高等学校（学校7/11）),B14W2E0018,Career,C000568,start,2026,B14W2S0003,クラブ経歴 > 「2026-27：三遠」が最新,B.LEAGUE公式のクラブ所属履歴で2026-27シーズンからの加入を確認,SUPPORTED,2026-09-24,
Batch 14 Wave 2 (北陸高等学校（学校7/11）),B14W2E0019,Person,P000172,name,中村 ジャズ,B14W2S0004,基本情報 > 選手名,B.LEAGUE公式プロフィールで氏名を確認,SUPPORTED,2026-09-24,
Batch 14 Wave 2 (北陸高等学校（学校7/11）),B14W2E0020,Person,P000172,birth_date,1997-06-18,B14W2S0004,基本情報 > 生年月日,B.LEAGUE公式プロフィールで生年月日を確認,SUPPORTED,2026-09-24,
Batch 14 Wave 2 (北陸高等学校（学校7/11）),B14W2E0021,Career,C000569,organization_id,ORG000120,B14W2S0004,基本情報 > 出身校（高）：北陸高等学校,B.LEAGUE公式プロフィールで出身高校を確認,SUPPORTED,2026-09-24,
Batch 14 Wave 2 (北陸高等学校（学校7/11）),B14W2E0023,Career,C000571,organization_id,ORG000173,B14W2S0004,クラブ経歴 > 「2026-27：岩手」が最新（新規加入）,B.LEAGUE公式のクラブ所属履歴で現所属クラブへの加入を確認,SUPPORTED,2026-09-24,東京エクセレンス（2019-20）、茨城（2023-24）、長崎（2024-25）在籍、および複数シーズンの記載空白は今回のWaveでは対象外。詳細はissue B14W2I0006を参照
Batch 14 Wave 2 (北陸高等学校（学校7/11）),B14W2E0024,Career,C000571,start,2026,B14W2S0004,クラブ経歴 > 「2026-27：岩手」が最新,B.LEAGUE公式のクラブ所属履歴で2026-27シーズンからの加入を確認,SUPPORTED,2026-09-24,
Batch 14 Wave 3 (北陸高等学校（学校7/11）),B14W3E0001,Person,P000173,name,寺嶋 恭之介,B14W3S0001,基本情報 > 選手名,B.LEAGUE公式プロフィールで氏名を確認,SUPPORTED,2026-09-24,
Batch 14 Wave 3 (北陸高等学校（学校7/11）),B14W3E0002,Person,P000173,birth_date,1991-10-17,B14W3S0001,基本情報 > 生年月日,B.LEAGUE公式プロフィールで生年月日を確認,SUPPORTED,2026-09-24,
Batch 14 Wave 3 (北陸高等学校（学校7/11）),B14W3E0003,Career,C000572,organization_id,ORG000120,B14W3S0001,基本情報 > 出身校（高）：北陸高等学校,B.LEAGUE公式プロフィールで出身高校を確認,SUPPORTED,2026-09-24,
Batch 14 Wave 3 (北陸高等学校（学校7/11）),B14W3E0004,Career,C000573,organization_id,ORG000203,B14W3S0001,基本情報 > 出身校（大）：国士舘大学,B.LEAGUE公式プロフィールで出身大学を確認,SUPPORTED,2026-09-24,
Batch 14 Wave 3 (北陸高等学校（学校7/11）),B14W3E0005,Career,C000574,organization_id,ORG000182,B14W3S0001,クラブ経歴 > 「2020-21：青森」以降一貫して青森,B.LEAGUE公式のクラブ所属履歴で現所属クラブを確認,SUPPORTED,2026-09-24,2021-22シーズンの記載が同履歴に一切なく、空白理由は資料からは確認できず憶測で埋めていない。詳細はissue B14W3I0003を参照
Batch 14 Wave 3 (北陸高等学校（学校7/11）),B14W3E0006,Career,C000574,start,2020,B14W3S0001,クラブ経歴 > 「2020-21：青森」が初出,B.LEAGUE公式のクラブ所属履歴で2020-21シーズンからの加入を確認,SUPPORTED,2026-09-24,
Batch 14 Wave 3 (北陸高等学校（学校7/11）),B14W3E0007,Person,P000174,name,岡田 泰希,B14W3S0002,基本情報 > 選手名,B.LEAGUE公式プロフィールで氏名を確認,SUPPORTED,2026-09-24,
Batch 14 Wave 3 (北陸高等学校（学校7/11）),B14W3E0008,Person,P000174,birth_date,1999-07-28,B14W3S0002,基本情報 > 生年月日,B.LEAGUE公式プロフィールで生年月日を確認,SUPPORTED,2026-09-24,
Batch 14 Wave 3 (北陸高等学校（学校7/11）),B14W3E0009,Career,C000575,organization_id,ORG000120,B14W3S0002,基本情報 > 出身校（高）：北陸高等学校,B.LEAGUE公式プロフィールで出身高校を確認,SUPPORTED,2026-09-24,
Batch 14 Wave 3 (北陸高等学校（学校7/11）),B14W3E0010,Career,C000576,organization_id,ORG000199,B14W3S0002,基本情報 > 出身校（大）：明星大学,B.LEAGUE公式プロフィールで出身大学を確認,SUPPORTED,2026-09-24,
Batch 14 Wave 3 (北陸高等学校（学校7/11）),B14W3E0011,Career,C000577,organization_id,ORG000153,B14W3S0002,クラブ経歴 > 「2024-25：滋賀」以降継続,B.LEAGUE公式のクラブ所属履歴で現所属クラブを確認,SUPPORTED,2026-09-24,愛媛（2018-19〜2020-21）、仙台89ERS（2021-22〜2023-24）在籍は今回のWaveでは対象外。詳細はissue B14W3I0004を参照
Batch 14 Wave 3 (北陸高等学校（学校7/11）),B14W3E0012,Career,C000577,start,2024,B14W3S0002,クラブ経歴 > 「2024-25：滋賀」が初出,B.LEAGUE公式のクラブ所属履歴で2024-25シーズンからの加入を確認,SUPPORTED,2026-09-24,
Batch 14 Wave 3 (北陸高等学校（学校7/11）),B14W3E0013,Person,P000175,name,藤永 佳昭,B14W3S0003,基本情報 > 選手名,B.LEAGUE公式プロフィールで氏名を確認,SUPPORTED,2026-09-24,
Batch 14 Wave 3 (北陸高等学校（学校7/11）),B14W3E0014,Person,P000175,birth_date,1992-04-10,B14W3S0003,基本情報 > 生年月日,B.LEAGUE公式プロフィールで生年月日を確認,SUPPORTED,2026-09-24,
Batch 14 Wave 3 (北陸高等学校（学校7/11）),B14W3E0015,Career,C000578,organization_id,ORG000120,B14W3S0003,基本情報 > 出身校（高）：北陸高等学校,B.LEAGUE公式プロフィールで出身高校を確認,SUPPORTED,2026-09-24,
Batch 14 Wave 3 (北陸高等学校（学校7/11）),B14W3E0016,Career,C000579,organization_id,ORG000015,B14W3S0003,基本情報 > 出身校（大）：東海大学,B.LEAGUE公式プロフィールで出身大学を確認,SUPPORTED,2026-09-24,
Batch 14 Wave 3 (北陸高等学校（学校7/11）),B14W3E0017,Career,C000580,organization_id,ORG000200,B14W3S0003,クラブ経歴 > 「2026-27：福井」が最新（新規加入）,B.LEAGUE公式のクラブ所属履歴で現所属クラブへの加入を確認,SUPPORTED,2026-09-24,名古屋ダイヤモンドドルフィンズ（2016-17・2017-18）、千葉（2018-19・2019-20）、千葉ジェッツ（2020-21・2021-22）、アルバルク東京（2022-23）、秋田（2023-24）、富山（2024-25・2025-26）在籍は今回のWaveでは対象外。詳細はissue B14W3I0005を参照
Batch 14 Wave 3 (北陸高等学校（学校7/11）),B14W3E0018,Career,C000580,start,2026,B14W3S0003,クラブ経歴 > 「2026-27：福井」が最新,B.LEAGUE公式のクラブ所属履歴で2026-27シーズンからの加入を確認,SUPPORTED,2026-09-24,
Batch 14 Wave 3 (北陸高等学校（学校7/11）),B14W3E0019,Person,P000176,name,篠山 竜青,B14W3S0004,基本情報 > 選手名,B.LEAGUE公式プロフィールで氏名を確認,SUPPORTED,2026-09-24,
Batch 14 Wave 3 (北陸高等学校（学校7/11）),B14W3E0020,Person,P000176,birth_date,1988-07-20,B14W3S0004,基本情報 > 生年月日,B.LEAGUE公式プロフィールで生年月日を確認,SUPPORTED,2026-09-24,
Batch 14 Wave 3 (北陸高等学校（学校7/11）),B14W3E0021,Career,C000581,organization_id,ORG000120,B14W3S0004,基本情報 > 出身校（高）：北陸高等学校,B.LEAGUE公式プロフィールで出身高校を確認,SUPPORTED,2026-09-24,
Batch 14 Wave 3 (北陸高等学校（学校7/11）),B14W3E0022,Career,C000582,organization_id,ORG000121,B14W3S0004,基本情報 > 出身校（大）：日本大学,B.LEAGUE公式プロフィールで出身大学を確認,SUPPORTED,2026-09-24,
Batch 14 Wave 3 (北陸高等学校（学校7/11）),B14W3E0023,Career,C000583,organization_id,ORG000122,B14W3S0004,クラブ経歴 > 2016-17シーズン（B.LEAGUE初年度）から2026-27シーズンまで一貫して川崎,B.LEAGUE公式のクラブ所属履歴でB.LEAGUE初年度から現在まで移籍なしの一貫した在籍を確認,SUPPORTED,2026-09-24,
Batch 14 Wave 3 (北陸高等学校（学校7/11）),B14W3E0024,Career,C000583,start,2016,B14W3S0004,クラブ経歴 > 「2016-17：川崎」が初出（B.LEAGUE初年度）,B.LEAGUE公式のクラブ所属履歴で2016-17シーズン（B.LEAGUEデビュー）からの加入を確認,SUPPORTED,2026-09-24,
Batch 14 Wave 4 (北陸高等学校（学校7/11）),B14W4E0001,Person,P000177,name,髙木 慎哉,B14W4S0001,基本情報 > 選手名,B.LEAGUE公式プロフィールで氏名を確認,SUPPORTED,2026-09-24,
Batch 14 Wave 4 (北陸高等学校（学校7/11）),B14W4E0002,Person,P000177,birth_date,1997-09-10,B14W4S0001,基本情報 > 生年月日,B.LEAGUE公式プロフィールで生年月日を確認,SUPPORTED,2026-09-24,
Batch 14 Wave 4 (北陸高等学校（学校7/11）),B14W4E0003,Career,C000584,organization_id,ORG000120,B14W4S0001,基本情報 > 出身校（高）：北陸高等学校,B.LEAGUE公式プロフィールで出身高校を確認,SUPPORTED,2026-09-24,
Batch 14 Wave 4 (北陸高等学校（学校7/11）),B14W4E0004,Career,C000585,organization_id,ORG000128,B14W4S0001,基本情報 > 出身校（大）：大東文化大学,B.LEAGUE公式プロフィールで出身大学を確認,SUPPORTED,2026-09-24,
Batch 14 Wave 4 (北陸高等学校（学校7/11）),B14W4E0005,Career,C000586,organization_id,ORG000050,B14W4S0001,クラブ経歴 > 「2022-23：湘南」以降継続,B.LEAGUE公式のクラブ所属履歴で現所属クラブを確認,SUPPORTED,2026-09-24,アースフレンズ東京Z（2019-20〜2021-22）在籍は今回のWaveでは対象外。詳細はissue B14W4I0003を参照
Batch 14 Wave 4 (北陸高等学校（学校7/11）),B14W4E0006,Career,C000586,start,2022,B14W4S0001,クラブ経歴 > 「2022-23：湘南」が初出,B.LEAGUE公式のクラブ所属履歴で2022-23シーズンからの加入を確認,SUPPORTED,2026-09-24,
Batch 14 Wave 4 (北陸高等学校（学校7/11）),B14W4E0007,Person,P000178,name,下地 秀一郎,B14W4S0002,基本情報 > 選手名,B.LEAGUE公式プロフィールで氏名を確認,SUPPORTED,2026-09-24,
Batch 14 Wave 4 (北陸高等学校（学校7/11）),B14W4E0008,Person,P000178,birth_date,2003-04-07,B14W4S0002,基本情報 > 生年月日,B.LEAGUE公式プロフィールで生年月日を確認,SUPPORTED,2026-09-24,
Batch 14 Wave 4 (北陸高等学校（学校7/11）),B14W4E0009,Career,C000587,organization_id,ORG000120,B14W4S0002,基本情報 > 出身校（高）：北陸高等学校,B.LEAGUE公式プロフィールで出身高校を確認,SUPPORTED,2026-09-24,
Batch 14 Wave 4 (北陸高等学校（学校7/11）),B14W4E0010,Career,C000588,organization_id,ORG000121,B14W4S0002,基本情報 > 出身校（大）：日本大学,B.LEAGUE公式プロフィールで出身大学を確認,SUPPORTED,2026-09-24,
Batch 14 Wave 4 (北陸高等学校（学校7/11）),B14W4E0011,Career,C000589,organization_id,ORG000174,B14W4S0002,クラブ経歴 > 「2025-26：品川」が初出（唯一の在籍クラブ）,B.LEAGUE公式のクラブ所属履歴で現所属クラブを確認,SUPPORTED,2026-09-24,
Batch 14 Wave 4 (北陸高等学校（学校7/11）),B14W4E0012,Career,C000589,start,2025,B14W4S0002,クラブ経歴 > 「2025-26：品川」が初出,B.LEAGUE公式のクラブ所属履歴で2025-26シーズンからの加入（B.LEAGUEデビュー）を確認,SUPPORTED,2026-09-24,
Batch 14 Wave 4 (北陸高等学校（学校7/11）),B14W4E0013,Person,P000179,name,小川 翔矢,B14W4S0003,基本情報 > 選手名,B.LEAGUE公式プロフィールで氏名を確認,SUPPORTED,2026-09-24,
Batch 14 Wave 4 (北陸高等学校（学校7/11）),B14W4E0014,Person,P000179,birth_date,2002-10-13,B14W4S0003,基本情報 > 生年月日,B.LEAGUE公式プロフィールで生年月日を確認,SUPPORTED,2026-09-24,
Batch 14 Wave 4 (北陸高等学校（学校7/11）),B14W4E0015,Career,C000590,organization_id,ORG000120,B14W4S0003,基本情報 > 出身校（高）：北陸高等学校,B.LEAGUE公式プロフィールで出身高校を確認,SUPPORTED,2026-09-24,
Batch 14 Wave 4 (北陸高等学校（学校7/11）),B14W4E0016,Career,C000591,organization_id,ORG000016,B14W4S0003,基本情報 > 出身校（大）：中央大学,B.LEAGUE公式プロフィールで出身大学を確認,SUPPORTED,2026-09-24,
Batch 14 Wave 4 (北陸高等学校（学校7/11）),B14W4E0017,Career,C000592,organization_id,ORG000202,B14W4S0003,クラブ経歴 > 「2025-26：福島」が初出,B.LEAGUE公式のクラブ所属履歴で現所属クラブを確認,SUPPORTED,2026-09-24,2024-25シーズンの金沢在籍（正式クラブ名未確認、金沢武士団とみられる）は今回のWaveでは対象外。詳細はissue B14W4I0004を参照
Batch 14 Wave 4 (北陸高等学校（学校7/11）),B14W4E0018,Career,C000592,start,2025,B14W4S0003,クラブ経歴 > 「2025-26：福島」が初出,B.LEAGUE公式のクラブ所属履歴で2025-26シーズンからの加入を確認,SUPPORTED,2026-09-24,
Batch 15 Wave 1 (藤枝明誠高等学校（学校8/11）),B15W1E0001,Person,P000180,name,石橋 永遠,B15W1S0002,基本情報 > 選手名,B.LEAGUE公式プロフィールで氏名を確認,SUPPORTED,2026-09-24,
Batch 15 Wave 1 (藤枝明誠高等学校（学校8/11）),B15W1E0002,Person,P000180,birth_date,2002-07-28,B15W1S0002,基本情報 > 生年月日,B.LEAGUE公式プロフィールで生年月日を確認,SUPPORTED,2026-09-24,
Batch 15 Wave 1 (藤枝明誠高等学校（学校8/11）),B15W1E0003,Career,C000593,organization_id,ORG000204,B15W1S0002,基本情報 > 出身校（高）：藤枝明誠高等学校,B.LEAGUE公式プロフィールで出身高校を確認,SUPPORTED,2026-09-24,
Batch 15 Wave 1 (藤枝明誠高等学校（学校8/11）),B15W1E0004,Career,C000594,organization_id,ORG000031,B15W1S0002,基本情報 > 出身校（大）：拓殖大学,B.LEAGUE公式プロフィールで出身大学を確認,SUPPORTED,2026-09-24,
Batch 15 Wave 1 (藤枝明誠高等学校（学校8/11）),B15W1E0005,Career,C000595,organization_id,ORG000111,B15W1S0002,クラブ経歴 > 「2025-26：八王子」が初出（唯一の在籍クラブ）,B.LEAGUE公式のクラブ所属履歴で現所属クラブを確認,SUPPORTED,2026-09-24,
Batch 15 Wave 1 (藤枝明誠高等学校（学校8/11）),B15W1E0006,Career,C000595,start,2025,B15W1S0002,クラブ経歴 > 「2025-26：八王子」が初出,B.LEAGUE公式のクラブ所属履歴で2025-26シーズンからの加入（B.LEAGUEデビュー）を確認,SUPPORTED,2026-09-24,
Batch 15 Wave 1 (藤枝明誠高等学校（学校8/11）),B15W1E0007,Person,P000181,name,菊地 広人,B15W1S0003,基本情報 > 選手名,B.LEAGUE公式プロフィールで氏名を確認,SUPPORTED,2026-09-24,
Batch 15 Wave 1 (藤枝明誠高等学校（学校8/11）),B15W1E0008,Person,P000181,birth_date,2001-10-05,B15W1S0003,基本情報 > 生年月日,B.LEAGUE公式プロフィールで生年月日を確認,SUPPORTED,2026-09-24,
Batch 15 Wave 1 (藤枝明誠高等学校（学校8/11）),B15W1E0009,Career,C000596,organization_id,ORG000204,B15W1S0003,基本情報 > 出身校（高）：藤枝明誠高等学校,B.LEAGUE公式プロフィールで出身高校を確認,SUPPORTED,2026-09-24,
Batch 15 Wave 1 (藤枝明誠高等学校（学校8/11）),B15W1E0010,Career,C000597,organization_id,ORG000128,B15W1S0003,基本情報 > 出身校（大）：大東文化大学,B.LEAGUE公式プロフィールで出身大学を確認,SUPPORTED,2026-09-24,
Batch 15 Wave 1 (藤枝明誠高等学校（学校8/11）),B15W1E0011,Career,C000598,organization_id,ORG000092,B15W1S0003,クラブ経歴 > 「2023-24：北海道」が初出（唯一の在籍クラブ）,B.LEAGUE公式のクラブ所属履歴で現所属クラブを確認,SUPPORTED,2026-09-24,
Batch 15 Wave 1 (藤枝明誠高等学校（学校8/11）),B15W1E0012,Career,C000598,start,2023,B15W1S0003,クラブ経歴 > 「2023-24：北海道」が初出,B.LEAGUE公式のクラブ所属履歴で2023-24シーズンからの加入（B.LEAGUEデビュー）を確認,SUPPORTED,2026-09-24,
Batch 15 Wave 1 (藤枝明誠高等学校（学校8/11）),B15W1E0013,Person,P000182,name,藤井 祐眞,B15W1S0004,基本情報 > 選手名,B.LEAGUE公式プロフィールで氏名を確認,SUPPORTED,2026-09-24,
Batch 15 Wave 1 (藤枝明誠高等学校（学校8/11）),B15W1E0014,Person,P000182,birth_date,1991-12-23,B15W1S0004,基本情報 > 生年月日,B.LEAGUE公式プロフィールで生年月日を確認,SUPPORTED,2026-09-24,
Batch 15 Wave 1 (藤枝明誠高等学校（学校8/11）),B15W1E0015,Career,C000599,organization_id,ORG000204,B15W1S0004,基本情報 > 出身校（高）：藤枝明誠高等学校,B.LEAGUE公式プロフィールで出身高校を確認,SUPPORTED,2026-09-24,
Batch 15 Wave 1 (藤枝明誠高等学校（学校8/11）),B15W1E0016,Career,C000600,organization_id,ORG000031,B15W1S0004,基本情報 > 出身校（大）：拓殖大学,B.LEAGUE公式プロフィールで出身大学を確認,SUPPORTED,2026-09-24,
Batch 15 Wave 1 (藤枝明誠高等学校（学校8/11）),B15W1E0017,Career,C000601,organization_id,ORG000143,B15W1S0004,クラブ経歴 > 「2024-25：群馬」が最新（新規加入）,B.LEAGUE公式のクラブ所属履歴で現所属クラブへの加入を確認,SUPPORTED,2026-09-24,川崎ブレイブサンダース（2016-17〜2023-24、8シーズン）在籍は今回のWaveでは対象外。詳細はissue B15W1I0003を参照
Batch 15 Wave 1 (藤枝明誠高等学校（学校8/11）),B15W1E0018,Career,C000601,start,2024,B15W1S0004,クラブ経歴 > 「2024-25：群馬」が最新,B.LEAGUE公式のクラブ所属履歴で2024-25シーズンからの加入を確認,SUPPORTED,2026-09-24,
Batch 15 Wave 1 (藤枝明誠高等学校（学校8/11）),B15W1E0019,Person,P000183,name,富田 一成,B15W1S0005,基本情報 > 選手名,B.LEAGUE公式プロフィールで氏名を確認,SUPPORTED,2026-09-24,
Batch 15 Wave 1 (藤枝明誠高等学校（学校8/11）),B15W1E0020,Person,P000183,birth_date,1998-12-28,B15W1S0005,基本情報 > 生年月日,B.LEAGUE公式プロフィールで生年月日を確認,SUPPORTED,2026-09-24,
Batch 15 Wave 1 (藤枝明誠高等学校（学校8/11）),B15W1E0021,Career,C000602,organization_id,ORG000204,B15W1S0005,基本情報 > 出身校（高）：藤枝明誠高等学校,B.LEAGUE公式プロフィールで出身高校を確認,SUPPORTED,2026-09-24,
Batch 15 Wave 1 (藤枝明誠高等学校（学校8/11）),B15W1E0022,Career,C000603,organization_id,ORG000124,B15W1S0005,基本情報 > 出身校（大）：明治大学,B.LEAGUE公式プロフィールで出身大学を確認,SUPPORTED,2026-09-24,
Batch 15 Wave 1 (藤枝明誠高等学校（学校8/11）),B15W1E0023,Career,C000604,organization_id,ORG000205,B15W1S0005,クラブ経歴 > 「2025-26：金沢」が最新（新規加入）,B.LEAGUE公式のクラブ所属履歴で現所属クラブへの加入を確認,SUPPORTED,2026-09-24,山口パッツファイブ（2021-22〜2024-25）在籍は今回のWaveでは対象外。詳細はissue B15W1I0004を参照
Batch 15 Wave 1 (藤枝明誠高等学校（学校8/11）),B15W1E0024,Career,C000604,start,2025,B15W1S0005,クラブ経歴 > 「2025-26：金沢」が最新,B.LEAGUE公式のクラブ所属履歴で2025-26シーズンからの加入を確認,SUPPORTED,2026-09-24,
Batch 15 Wave 2 (藤枝明誠高等学校（学校8/11）),B15W2E0001,Person,P000184,name,角野 亮伍,B15W2S0001,基本情報 > 選手名,B.LEAGUE公式プロフィールで氏名を確認,SUPPORTED,2026-09-24,
Batch 15 Wave 2 (藤枝明誠高等学校（学校8/11）),B15W2E0002,Person,P000184,birth_date,1996-06-14,B15W2S0001,基本情報 > 生年月日,B.LEAGUE公式プロフィールで生年月日を確認,SUPPORTED,2026-09-24,
Batch 15 Wave 2 (藤枝明誠高等学校（学校8/11）),B15W2E0003,Career,C000605,organization_id,ORG000204,B15W2S0001,基本情報 > 出身校（高）：藤枝明誠高等学校,B.LEAGUE公式プロフィールで出身高校を確認,SUPPORTED,2026-09-24,
Batch 15 Wave 2 (藤枝明誠高等学校（学校8/11）),B15W2E0004,Career,C000606,organization_id,ORG000206,B15W2S0001,基本情報 > 出身校（大）：サザンニューハンプシャー大学,B.LEAGUE公式プロフィールで出身大学を確認,SUPPORTED,2026-09-24,
Batch 15 Wave 2 (藤枝明誠高等学校（学校8/11）),B15W2E0005,Career,C000607,organization_id,ORG000130,B15W2S0001,クラブ経歴 > 「2021-22：三河」以降継続,B.LEAGUE公式のクラブ所属履歴で現所属クラブを確認,SUPPORTED,2026-09-24,大阪エヴェッサ（2020-21）在籍は今回のWaveでは対象外。詳細はissue B15W2I0003を参照
Batch 15 Wave 2 (藤枝明誠高等学校（学校8/11）),B15W2E0006,Career,C000607,start,2021,B15W2S0001,クラブ経歴 > 「2021-22：三河」が初出,B.LEAGUE公式のクラブ所属履歴で2021-22シーズンからの加入を確認,SUPPORTED,2026-09-24,
Batch 15 Wave 2 (藤枝明誠高等学校（学校8/11）),B15W2E0007,Person,P000185,name,赤間 賢人,B15W2S0002,基本情報 > 選手名,B.LEAGUE公式プロフィールで氏名を確認,SUPPORTED,2026-09-24,
Batch 15 Wave 2 (藤枝明誠高等学校（学校8/11）),B15W2E0008,Person,P000185,birth_date,2005-06-19,B15W2S0002,基本情報 > 生年月日,B.LEAGUE公式プロフィールで生年月日を確認,SUPPORTED,2026-09-24,
Batch 15 Wave 2 (藤枝明誠高等学校（学校8/11）),B15W2E0009,Career,C000608,organization_id,ORG000204,B15W2S0002,基本情報 > 出身校（高）：藤枝明誠高等学校,B.LEAGUE公式プロフィールで出身高校を確認,SUPPORTED,2026-09-24,
Batch 15 Wave 2 (藤枝明誠高等学校（学校8/11）),B15W2E0010,Career,C000609,organization_id,ORG000015,B15W2S0002,基本情報 > 出身校（大）：東海大学,B.LEAGUE公式プロフィールで出身大学を確認,SUPPORTED,2026-09-24,
Batch 15 Wave 2 (藤枝明誠高等学校（学校8/11）),B15W2E0011,Career,C000610,organization_id,ORG000103,B15W2S0002,クラブ経歴 > 「2025-26：茨城」が初出（唯一の在籍クラブ）,B.LEAGUE公式のクラブ所属履歴で現所属クラブを確認,SUPPORTED,2026-09-24,
Batch 15 Wave 2 (藤枝明誠高等学校（学校8/11）),B15W2E0012,Career,C000610,start,2025,B15W2S0002,クラブ経歴 > 「2025-26：茨城」が初出,B.LEAGUE公式のクラブ所属履歴で2025-26シーズンからの加入（B.LEAGUEデビュー）を確認,SUPPORTED,2026-09-24,
Batch 17 Wave 1 (土浦日本大学高等学校（学校10/11）),B17W1E0001,Person,P000186,name,松村 竜吾,B17W1S0002,基本情報 > 選手名,B.LEAGUE公式プロフィールで氏名を確認,SUPPORTED,2026-09-25,
Batch 17 Wave 1 (土浦日本大学高等学校（学校10/11）),B17W1E0002,Person,P000186,birth_date,2002-09-13,B17W1S0002,基本情報 > 生年月日,B.LEAGUE公式プロフィールで生年月日を確認,SUPPORTED,2026-09-25,
Batch 17 Wave 1 (土浦日本大学高等学校（学校10/11）),B17W1E0003,Career,C000611,organization_id,ORG000134,B17W1S0002,基本情報 > 出身校（高）：土浦日本大学高等学校,B.LEAGUE公式プロフィールで出身高校を確認,SUPPORTED,2026-09-25,
Batch 17 Wave 1 (土浦日本大学高等学校（学校10/11）),B17W1E0004,Career,C000612,organization_id,ORG000121,B17W1S0002,基本情報 > 出身校（大）：日本大学,B.LEAGUE公式プロフィールで出身大学を確認,SUPPORTED,2026-09-25,
Batch 17 Wave 1 (土浦日本大学高等学校（学校10/11）),B17W1E0005,Career,C000613,organization_id,ORG000111,B17W1S0002,クラブ経歴 > 「2026-27：八王子」が最新（新規加入）,B.LEAGUE公式のクラブ所属履歴で現所属クラブへの加入を確認,SUPPORTED,2026-09-25,広島ドラゴンフライズ（2025-26）在籍は今回のWaveでは対象外。詳細はissue B17W1I0003を参照
Batch 17 Wave 1 (土浦日本大学高等学校（学校10/11）),B17W1E0006,Career,C000613,start,2026,B17W1S0002,クラブ経歴 > 「2026-27：八王子」が最新,B.LEAGUE公式のクラブ所属履歴で2026-27シーズンからの加入を確認,SUPPORTED,2026-09-25,
Batch 17 Wave 1 (土浦日本大学高等学校（学校10/11）),B17W1E0007,Person,P000187,name,落合 知也,B17W1S0003,基本情報 > 選手名,B.LEAGUE公式プロフィールで氏名を確認,SUPPORTED,2026-09-25,
Batch 17 Wave 1 (土浦日本大学高等学校（学校10/11）),B17W1E0008,Person,P000187,birth_date,1987-06-18,B17W1S0003,基本情報 > 生年月日,B.LEAGUE公式プロフィールで生年月日を確認,SUPPORTED,2026-09-25,
Batch 17 Wave 1 (土浦日本大学高等学校（学校10/11）),B17W1E0009,Career,C000614,organization_id,ORG000134,B17W1S0003,基本情報 > 出身校（高）：土浦日本大学高等学校,B.LEAGUE公式プロフィールで出身高校を確認,SUPPORTED,2026-09-25,
Batch 17 Wave 1 (土浦日本大学高等学校（学校10/11）),B17W1E0010,Career,C000615,organization_id,ORG000207,B17W1S0003,基本情報 > 出身校（大）：法政大学,B.LEAGUE公式プロフィールで出身大学を確認,SUPPORTED,2026-09-25,
Batch 17 Wave 1 (土浦日本大学高等学校（学校10/11）),B17W1E0011,Career,C000616,organization_id,ORG000174,B17W1S0003,クラブ経歴 > 「2024-25：品川」が初出（現所属への新規加入）,B.LEAGUE公式のクラブ所属履歴で現所属クラブへの加入を確認,SUPPORTED,2026-09-25,越谷アルファーズ（2017-18〜2022-23）・栃木ブレックス（2016-17〜2017-18、宇都宮ブレックスの当時の名称）在籍、および2023-24シーズンの空白は今回のWaveでは対象外。詳細はissue B17W1I0004を参照
Batch 17 Wave 1 (土浦日本大学高等学校（学校10/11）),B17W1E0012,Career,C000616,start,2024,B17W1S0003,クラブ経歴 > 「2024-25：品川」が初出,B.LEAGUE公式のクラブ所属履歴で2024-25シーズンからの加入を確認,SUPPORTED,2026-09-25,
Batch 17 Wave 1 (土浦日本大学高等学校（学校10/11）),B17W1E0013,Person,P000188,name,陳岡 流羽,B17W1S0004,基本情報 > 選手名,B.LEAGUE公式プロフィールで氏名を確認,SUPPORTED,2026-09-25,
Batch 17 Wave 1 (土浦日本大学高等学校（学校10/11）),B17W1E0014,Person,P000188,birth_date,2003-02-01,B17W1S0004,基本情報 > 生年月日,B.LEAGUE公式プロフィールで生年月日を確認,SUPPORTED,2026-09-25,
Batch 17 Wave 1 (土浦日本大学高等学校（学校10/11）),B17W1E0015,Career,C000617,organization_id,ORG000134,B17W1S0004,基本情報 > 出身校（高）：土浦日本大学高等学校,B.LEAGUE公式プロフィールで出身高校を確認,SUPPORTED,2026-09-25,
Batch 17 Wave 1 (土浦日本大学高等学校（学校10/11）),B17W1E0016,Career,C000618,organization_id,ORG000208,B17W1S0004,基本情報 > 出身校（大）：白鴎大学,B.LEAGUE公式プロフィールで出身大学を確認,SUPPORTED,2026-09-25,
Batch 17 Wave 1 (土浦日本大学高等学校（学校10/11）),B17W1E0017,Career,C000619,organization_id,ORG000103,B17W1S0004,クラブ経歴 > 「2024-25：茨城」が初出（唯一の在籍クラブ）,B.LEAGUE公式のクラブ所属履歴で現所属クラブを確認,SUPPORTED,2026-09-25,
Batch 17 Wave 1 (土浦日本大学高等学校（学校10/11）),B17W1E0018,Career,C000619,start,2024,B17W1S0004,クラブ経歴 > 「2024-25：茨城」が初出,B.LEAGUE公式のクラブ所属履歴で2024-25シーズンからの加入（B.LEAGUEデビュー）を確認,SUPPORTED,2026-09-25,
Batch 17 Wave 1 (土浦日本大学高等学校（学校10/11）),B17W1E0019,Person,P000189,name,中野 広大,B17W1S0005,基本情報 > 選手名,B.LEAGUE公式プロフィールで氏名を確認,SUPPORTED,2026-09-25,
Batch 17 Wave 1 (土浦日本大学高等学校（学校10/11）),B17W1E0020,Person,P000189,birth_date,1994-05-08,B17W1S0005,基本情報 > 生年月日,B.LEAGUE公式プロフィールで生年月日を確認,SUPPORTED,2026-09-25,
Batch 17 Wave 1 (土浦日本大学高等学校（学校10/11）),B17W1E0021,Career,C000620,organization_id,ORG000134,B17W1S0005,基本情報 > 出身校（高）：土浦日本大学高等学校,B.LEAGUE公式プロフィールで出身高校を確認,SUPPORTED,2026-09-25,
Batch 17 Wave 1 (土浦日本大学高等学校（学校10/11）),B17W1E0022,Career,C000621,organization_id,ORG000207,B17W1S0005,基本情報 > 出身校（大）：法政大学,B.LEAGUE公式プロフィールで出身大学を確認,SUPPORTED,2026-09-25,
Batch 17 Wave 1 (土浦日本大学高等学校（学校10/11）),B17W1E0023,Career,C000622,organization_id,ORG000050,B17W1S0005,クラブ経歴 > 「2022-23：湘南」が初出（現所属への新規加入）,B.LEAGUE公式のクラブ所属履歴で現所属クラブへの加入を確認,SUPPORTED,2026-09-25,群馬クレインサンダーズ（2016-17〜2018-19）・岩手ビッグブルズ（2018-19〜2019-20）・さいたまブロンコス（2020-21〜2021-22）在籍は今回のWaveでは対象外。詳細はissue B17W1I0005を参照
Batch 17 Wave 1 (土浦日本大学高等学校（学校10/11）),B17W1E0024,Career,C000622,start,2022,B17W1S0005,クラブ経歴 > 「2022-23：湘南」が初出,B.LEAGUE公式のクラブ所属履歴で2022-23シーズンからの加入を確認,SUPPORTED,2026-09-25,
Batch 17 Wave 2 (土浦日本大学高等学校（学校10/11）),B17W2E0001,Person,P000190,name,陳岡 燈生,B17W2S0001,基本情報 > 選手名,B.LEAGUE公式プロフィールで氏名を確認,SUPPORTED,2026-09-25,
Batch 17 Wave 2 (土浦日本大学高等学校（学校10/11）),B17W2E0002,Person,P000190,birth_date,2001-08-28,B17W2S0001,基本情報 > 生年月日,B.LEAGUE公式プロフィールで生年月日を確認,SUPPORTED,2026-09-25,
Batch 17 Wave 2 (土浦日本大学高等学校（学校10/11）),B17W2E0003,Career,C000623,organization_id,ORG000134,B17W2S0001,基本情報 > 出身校（高）：土浦日本大学高等学校,B.LEAGUE公式プロフィールで出身高校を確認,SUPPORTED,2026-09-25,
Batch 17 Wave 2 (土浦日本大学高等学校（学校10/11）),B17W2E0004,Career,C000624,organization_id,ORG000121,B17W2S0001,基本情報 > 出身校（大）：日本大学,B.LEAGUE公式プロフィールで出身大学を確認,SUPPORTED,2026-09-25,
Batch 17 Wave 2 (土浦日本大学高等学校（学校10/11）),B17W2E0005,Career,C000625,organization_id,ORG000181,B17W2S0001,クラブ経歴 > 「2025-26：山形」が初出（現所属への新規加入）,B.LEAGUE公式のクラブ所属履歴で現所属クラブへの加入を確認,SUPPORTED,2026-09-25,越谷アルファーズ（2023-24）・「静岡」（2024-25、B.LEAGUE公式の略称表記のみで正式クラブ名未確認。B3所属の「ベルテックス静岡」の可能性があるが本Waveでは確定情報として扱わない）在籍は今回のWaveでは対象外。詳細はissue B17W2I0003を参照
Batch 17 Wave 2 (土浦日本大学高等学校（学校10/11）),B17W2E0006,Career,C000625,start,2025,B17W2S0001,クラブ経歴 > 「2025-26：山形」が初出,B.LEAGUE公式のクラブ所属履歴で2025-26シーズンからの加入を確認,SUPPORTED,2026-09-25,
Batch 17 Wave 2 (土浦日本大学高等学校（学校10/11）),B17W2E0007,Person,P000191,name,平岩 玄,B17W2S0002,基本情報 > 選手名,B.LEAGUE公式プロフィールで氏名を確認,SUPPORTED,2026-09-25,
Batch 17 Wave 2 (土浦日本大学高等学校（学校10/11）),B17W2E0008,Person,P000191,birth_date,1997-12-05,B17W2S0002,基本情報 > 生年月日,B.LEAGUE公式プロフィールで生年月日を確認,SUPPORTED,2026-09-25,
Batch 17 Wave 2 (土浦日本大学高等学校（学校10/11）),B17W2E0009,Career,C000626,organization_id,ORG000134,B17W2S0002,基本情報 > 出身校（高）：土浦日本大学高等学校,B.LEAGUE公式プロフィールで出身高校を確認,SUPPORTED,2026-09-25,
Batch 17 Wave 2 (土浦日本大学高等学校（学校10/11）),B17W2E0010,Career,C000627,organization_id,ORG000015,B17W2S0002,基本情報 > 出身校（大）：東海大学,B.LEAGUE公式プロフィールで出身大学を確認,SUPPORTED,2026-09-25,
Batch 17 Wave 2 (土浦日本大学高等学校（学校10/11）),B17W2E0011,Career,C000628,organization_id,ORG000109,B17W2S0002,クラブ経歴 > 「2018-19：A東京」が初出（現所属への新規加入）,B.LEAGUE公式のクラブ所属履歴で現所属クラブへの加入を確認,SUPPORTED,2026-09-25,琉球ゴールデンキングス（2017-18、1シーズン）在籍は今回のWaveでは対象外。詳細はissue B17W2I0004を参照
Batch 17 Wave 2 (土浦日本大学高等学校（学校10/11）),B17W2E0012,Career,C000628,start,2018,B17W2S0002,クラブ経歴 > 「2018-19：A東京」が初出,B.LEAGUE公式のクラブ所属履歴で2018-19シーズンからの加入を確認,SUPPORTED,2026-09-25,
Batch 18 Wave 1 (八王子学園八王子高等学校（学校11/11）),B18W1E0001,Person,P000192,name,多田 武史,B18W1S0002,基本情報 > 選手名,B.LEAGUE公式プロフィールで氏名を確認,SUPPORTED,2026-09-25,
Batch 18 Wave 1 (八王子学園八王子高等学校（学校11/11）),B18W1E0002,Person,P000192,birth_date,1997-11-25,B18W1S0002,基本情報 > 生年月日,B.LEAGUE公式プロフィールで生年月日を確認,SUPPORTED,2026-09-25,
Batch 18 Wave 1 (八王子学園八王子高等学校（学校11/11）),B18W1E0003,Career,C000629,organization_id,ORG000209,B18W1S0002,基本情報 > 出身校（高）：八王子学園八王子高等学校,B.LEAGUE公式プロフィールで出身高校を確認,SUPPORTED,2026-09-25,
Batch 18 Wave 1 (八王子学園八王子高等学校（学校11/11）),B18W1E0004,Career,C000630,organization_id,ORG000031,B18W1S0002,基本情報 > 出身校（大）：拓殖大学,B.LEAGUE公式プロフィールで出身大学を確認,SUPPORTED,2026-09-25,
Batch 18 Wave 1 (八王子学園八王子高等学校（学校11/11）),B18W1E0005,Career,C000631,organization_id,ORG000101,B18W1S0002,クラブ経歴 > 「2025-26：鹿児島」が最新（新規加入）,B.LEAGUE公式のクラブ所属履歴で現所属クラブへの加入を確認,SUPPORTED,2026-09-25,秋田ノーザンハピネッツ（2019-20〜2022-23、4シーズン）・福島ファイヤーボンズ（2023-24〜2024-25、2シーズン）在籍は今回のWaveでは対象外。詳細はissue B18W1I0003を参照
Batch 18 Wave 1 (八王子学園八王子高等学校（学校11/11）),B18W1E0006,Career,C000631,start,2025,B18W1S0002,クラブ経歴 > 「2025-26：鹿児島」が最新,B.LEAGUE公式のクラブ所属履歴で2025-26シーズンからの加入を確認,SUPPORTED,2026-09-25,
